"","date","calls"
"1",2008-09-30,262
"2",2008-09-29,297
"3",2008-09-28,246
"4",2008-09-27,245
"5",2008-09-26,335
"6",2008-09-25,337
"7",2008-09-24,296
"8",2008-09-23,267
"9",2008-09-22,27
"10",2008-10-31,394
"11",2008-10-30,342
"12",2008-10-29,304
"13",2008-10-28,306
"14",2008-10-27,319
"15",2008-10-26,232
"16",2008-10-25,204
"17",2008-10-24,231
"18",2008-10-23,263
"19",2008-10-22,296
"20",2008-10-21,275
"21",2008-10-20,220
"22",2008-10-19,211
"23",2008-10-18,245
"24",2008-10-17,268
"25",2008-10-16,276
"26",2008-10-15,260
"27",2008-10-14,227
"28",2008-10-13,256
"29",2008-10-12,191
"30",2008-10-11,254
"31",2008-10-10,258
"32",2008-10-09,238
"33",2008-10-08,226
"34",2008-10-07,273
"35",2008-10-06,290
"36",2008-10-05,187
"37",2008-10-04,261
"38",2008-10-03,311
"39",2008-10-02,278
"40",2008-10-01,262
"41",2008-11-30,216
"42",2008-11-29,248
"43",2008-11-28,311
"44",2008-11-27,200
"45",2008-11-26,341
"46",2008-11-25,322
"47",2008-11-24,317
"48",2008-11-23,240
"49",2008-11-22,283
"50",2008-11-21,321
"51",2008-11-20,291
"52",2008-11-19,265
"53",2008-11-18,350
"54",2008-11-17,299
"55",2008-11-16,282
"56",2008-11-15,308
"57",2008-11-14,286
"58",2008-11-13,328
"59",2008-11-12,352
"60",2008-11-11,276
"61",2008-11-10,283
"62",2008-11-09,241
"63",2008-11-08,298
"64",2008-11-07,310
"65",2008-11-06,317
"66",2008-11-05,248
"67",2008-11-04,259
"68",2008-11-03,255
"69",2008-11-02,240
"70",2008-11-01,403
"71",2008-12-31,296
"72",2008-12-30,245
"73",2008-12-29,241
"74",2008-12-28,197
"75",2008-12-27,225
"76",2008-12-26,195
"77",2008-12-25,156
"78",2008-12-24,204
"79",2008-12-23,266
"80",2008-12-22,245
"81",2008-12-21,190
"82",2008-12-20,199
"83",2008-12-19,250
"84",2008-12-18,223
"85",2008-12-17,219
"86",2008-12-16,196
"87",2008-12-15,249
"88",2008-12-14,164
"89",2008-12-13,208
"90",2008-12-12,287
"91",2008-12-11,325
"92",2008-12-10,366
"93",2008-12-09,315
"94",2008-12-08,305
"95",2008-12-07,234
"96",2008-12-06,261
"97",2008-12-05,286
"98",2008-12-04,305
"99",2008-12-03,322
"100",2008-12-02,295
"101",2008-12-01,286
"102",2009-01-31,259
"103",2009-01-30,314
"104",2009-01-29,345
"105",2009-01-28,288
"106",2009-01-27,319
"107",2009-01-26,273
"108",2009-01-25,213
"109",2009-01-24,249
"110",2009-01-23,346
"111",2009-01-22,312
"112",2009-01-21,252
"113",2009-01-20,286
"114",2009-01-19,278
"115",2009-01-18,237
"116",2009-01-17,260
"117",2009-01-16,340
"118",2009-01-15,313
"119",2009-01-14,380
"120",2009-01-13,356
"121",2009-01-12,267
"122",2009-01-11,242
"123",2009-01-10,281
"124",2009-01-09,336
"125",2009-01-08,311
"126",2009-01-07,303
"127",2009-01-06,311
"128",2009-01-05,246
"129",2009-01-04,210
"130",2009-01-03,263
"131",2009-01-02,291
"132",2009-01-01,293
"133",2009-02-28,249
"134",2009-02-27,321
"135",2009-02-26,354
"136",2009-02-25,263
"137",2009-02-24,373
"138",2009-02-23,289
"139",2009-02-22,298
"140",2009-02-21,294
"141",2009-02-20,339
"142",2009-02-19,355
"143",2009-02-18,344
"144",2009-02-17,350
"145",2009-02-16,265
"146",2009-02-15,249
"147",2009-02-14,283
"148",2009-02-13,378
"149",2009-02-12,300
"150",2009-02-11,338
"151",2009-02-10,271
"152",2009-02-09,288
"153",2009-02-08,219
"154",2009-02-07,313
"155",2009-02-06,328
"156",2009-02-05,328
"157",2009-02-04,358
"158",2009-02-03,300
"159",2009-02-02,274
"160",2009-02-01,237
"161",2009-03-31,329
"162",2009-03-30,218
"163",2009-03-29,195
"164",2009-03-28,224
"165",2009-03-27,318
"166",2009-03-26,227
"167",2009-03-25,251
"168",2009-03-24,270
"169",2009-03-23,259
"170",2009-03-22,184
"171",2009-03-21,239
"172",2009-03-20,333
"173",2009-03-19,324
"174",2009-03-18,401
"175",2009-03-17,351
"176",2009-03-16,257
"177",2009-03-15,192
"178",2009-03-14,243
"179",2009-03-13,386
"180",2009-03-12,384
"181",2009-03-11,320
"182",2009-03-10,311
"183",2009-03-09,232
"184",2009-03-08,231
"185",2009-03-07,218
"186",2009-03-06,343
"187",2009-03-05,279
"188",2009-03-04,284
"189",2009-03-03,315
"190",2009-03-02,242
"191",2009-03-01,248
"192",2009-04-30,295
"193",2009-04-29,322
"194",2009-04-28,257
"195",2009-04-27,224
"196",2009-04-26,250
"197",2009-04-25,260
"198",2009-04-24,347
"199",2009-04-23,337
"200",2009-04-22,335
"201",2009-04-21,316
"202",2009-04-20,256
"203",2009-04-19,214
"204",2009-04-18,269
"205",2009-04-17,348
"206",2009-04-16,351
"207",2009-04-15,297
"208",2009-04-14,249
"209",2009-04-13,241
"210",2009-04-12,190
"211",2009-04-11,323
"212",2009-04-10,326
"213",2009-04-09,327
"214",2009-04-08,307
"215",2009-04-07,368
"216",2009-04-06,281
"217",2009-04-05,271
"218",2009-04-04,288
"219",2009-04-03,314
"220",2009-04-02,340
"221",2009-04-01,260
"222",2009-05-31,233
"223",2009-05-30,315
"224",2009-05-29,358
"225",2009-05-28,313
"226",2009-05-27,266
"227",2009-05-26,260
"228",2009-05-25,229
"229",2009-05-24,231
"230",2009-05-23,288
"231",2009-05-22,316
"232",2009-05-21,305
"233",2009-05-20,274
"234",2009-05-19,259
"235",2009-05-18,231
"236",2009-05-17,227
"237",2009-05-16,238
"238",2009-05-15,290
"239",2009-05-14,305
"240",2009-05-13,277
"241",2009-05-12,278
"242",2009-05-11,256
"243",2009-05-10,203
"244",2009-05-09,277
"245",2009-05-08,341
"246",2009-05-07,331
"247",2009-05-06,292
"248",2009-05-05,293
"249",2009-05-04,235
"250",2009-05-03,229
"251",2009-05-02,325
"252",2009-05-01,322
"253",2009-06-30,319
"254",2009-06-29,284
"255",2009-06-28,213
"256",2009-06-27,236
"257",2009-06-26,251
"258",2009-06-25,271
"259",2009-06-24,284
"260",2009-06-23,268
"261",2009-06-22,269
"262",2009-06-20,252
"263",2009-06-19,267
"264",2009-06-18,261
"265",2009-06-17,339
"266",2009-06-16,264
"267",2009-06-15,251
"268",2009-06-14,227
"269",2009-06-13,290
"270",2009-06-12,310
"271",2009-06-11,249
"272",2009-06-10,327
"273",2009-06-09,257
"274",2009-06-08,266
"275",2009-06-07,233
"276",2009-06-06,270
"277",2009-06-05,301
"278",2009-06-04,292
"279",2009-06-03,247
"280",2009-06-02,239
"281",2009-06-01,243
"282",2009-07-31,330
"283",2009-07-30,314
"284",2009-07-29,309
"285",2009-07-28,333
"286",2009-07-27,335
"287",2009-07-26,216
"288",2009-07-25,259
"289",2009-07-24,290
"290",2009-07-23,343
"291",2009-07-22,303
"292",2009-07-21,328
"293",2009-07-20,297
"294",2009-07-19,213
"295",2009-07-18,244
"296",2009-07-17,288
"297",2009-07-16,320
"298",2009-07-15,355
"299",2009-07-14,299
"300",2009-07-13,235
"301",2009-07-12,225
"302",2009-07-11,241
"303",2009-07-10,302
"304",2009-07-09,358
"305",2009-07-08,359
"306",2009-07-07,291
"307",2009-07-06,271
"308",2009-07-05,221
"309",2009-07-04,263
"310",2009-07-03,296
"311",2009-07-02,346
"312",2009-07-01,359
"313",2009-08-31,285
"314",2009-08-30,187
"315",2009-08-29,250
"316",2009-08-28,285
"317",2009-08-27,302
"318",2009-08-26,282
"319",2009-08-25,260
"320",2009-08-24,285
"321",2009-08-23,230
"322",2009-08-22,272
"323",2009-08-21,275
"324",2009-08-20,313
"325",2009-08-19,365
"326",2009-08-18,336
"327",2009-08-17,301
"328",2009-08-16,202
"329",2009-08-15,258
"330",2009-08-14,310
"331",2009-08-13,291
"332",2009-08-12,319
"333",2009-08-11,229
"334",2009-08-10,244
"335",2009-08-09,260
"336",2009-08-08,259
"337",2009-08-07,306
"338",2009-08-06,296
"339",2009-08-05,433
"340",2009-08-04,283
"341",2009-08-03,275
"342",2009-08-02,223
"343",2009-08-01,287
"344",2009-09-30,268
"345",2009-09-29,289
"346",2009-09-28,293
"347",2009-09-27,226
"348",2009-09-26,345
"349",2009-09-25,321
"350",2009-09-24,326
"351",2009-09-23,354
"352",2009-09-22,261
"353",2009-09-21,297
"354",2009-09-20,214
"355",2009-09-19,290
"356",2009-09-18,293
"357",2009-09-17,314
"358",2009-09-16,298
"359",2009-09-15,273
"360",2009-09-14,254
"361",2009-09-13,204
"362",2009-09-12,290
"363",2009-09-11,255
"364",2009-09-10,318
"365",2009-09-09,299
"366",2009-09-08,344
"367",2009-09-07,240
"368",2009-09-06,194
"369",2009-09-05,283
"370",2009-09-04,299
"371",2009-09-03,318
"372",2009-09-02,230
"373",2009-09-01,287
"374",2009-10-31,446
"375",2009-10-30,345
"376",2009-10-29,258
"377",2009-10-28,287
"378",2009-10-27,271
"379",2009-10-26,243
"380",2009-10-25,212
"381",2009-10-24,205
"382",2009-10-23,275
"383",2009-10-22,326
"384",2009-10-21,213
"385",2009-10-20,307
"386",2009-10-19,294
"387",2009-10-18,241
"388",2009-10-17,220
"389",2009-10-16,264
"390",2009-10-15,252
"391",2009-10-14,258
"392",2009-10-13,242
"393",2009-10-12,237
"394",2009-10-11,175
"395",2009-10-10,198
"396",2009-10-09,257
"397",2009-10-08,273
"398",2009-10-07,308
"399",2009-10-06,316
"400",2009-10-05,280
"401",2009-10-04,194
"402",2009-10-03,283
"403",2009-10-02,278
"404",2009-10-01,327
"405",2009-11-30,257
"406",2009-11-29,192
"407",2009-11-28,218
"408",2009-11-27,284
"409",2009-11-26,185
"410",2009-11-25,237
"411",2009-11-24,321
"412",2009-11-23,270
"413",2009-11-22,191
"414",2009-11-21,226
"415",2009-11-20,249
"416",2009-11-19,261
"417",2009-11-18,304
"418",2009-11-17,258
"419",2009-11-16,265
"420",2009-11-15,174
"421",2009-11-14,280
"422",2009-11-13,256
"423",2009-11-12,257
"424",2009-11-11,254
"425",2009-11-10,286
"426",2009-11-09,254
"427",2009-11-08,156
"428",2009-11-07,182
"429",2009-11-06,243
"430",2009-11-05,219
"431",2009-11-04,242
"432",2009-11-03,218
"433",2009-11-02,219
"434",2009-11-01,332
"435",2009-12-31,273
"436",2009-12-30,340
"437",2009-12-29,275
"438",2009-12-28,287
"439",2009-12-27,192
"440",2009-12-26,174
"441",2009-12-25,145
"442",2009-12-24,205
"443",2009-12-23,269
"444",2009-12-22,256
"445",2009-12-21,296
"446",2009-12-20,180
"447",2009-12-19,212
"448",2009-12-18,269
"449",2009-12-17,247
"450",2009-12-16,271
"451",2009-12-15,264
"452",2009-12-14,249
"453",2009-12-13,185
"454",2009-12-12,189
"455",2009-12-11,225
"456",2009-12-10,256
"457",2009-12-09,292
"458",2009-12-08,260
"459",2009-12-07,232
"460",2009-12-06,232
"461",2009-12-05,192
"462",2009-12-04,284
"463",2009-12-03,272
"464",2009-12-02,273
"465",2009-12-01,239
"466",2010-01-31,220
"467",2010-01-30,241
"468",2010-01-29,270
"469",2010-01-28,270
"470",2010-01-27,300
"471",2010-01-26,310
"472",2010-01-25,278
"473",2010-01-24,194
"474",2010-01-23,228
"475",2010-01-22,295
"476",2010-01-21,414
"477",2010-01-20,295
"478",2010-01-19,329
"479",2010-01-18,264
"480",2010-01-17,217
"481",2010-01-16,235
"482",2010-01-15,265
"483",2010-01-14,248
"484",2010-01-13,273
"485",2010-01-12,304
"486",2010-01-11,265
"487",2010-01-10,210
"488",2010-01-09,223
"489",2010-01-08,279
"490",2010-01-07,233
"491",2010-01-06,211
"492",2010-01-05,267
"493",2010-01-04,313
"494",2010-01-03,210
"495",2010-01-02,186
"496",2010-01-01,222
"497",2010-02-28,226
"498",2010-02-27,261
"499",2010-02-26,289
"500",2010-02-25,257
"501",2010-02-24,268
"502",2010-02-23,246
"503",2010-02-22,247
"504",2010-02-21,235
"505",2010-02-20,266
"506",2010-02-19,302
"507",2010-02-18,327
"508",2010-02-17,283
"509",2010-02-16,299
"510",2010-02-15,294
"511",2010-02-14,208
"512",2010-02-13,289
"513",2010-02-12,290
"514",2010-02-11,306
"515",2010-02-10,317
"516",2010-02-09,306
"517",2010-02-08,275
"518",2010-02-07,213
"519",2010-02-06,237
"520",2010-02-05,257
"521",2010-02-04,278
"522",2010-02-03,282
"523",2010-02-02,249
"524",2010-02-01,210
"525",2010-03-31,335
"526",2010-03-30,285
"527",2010-03-29,236
"528",2010-03-28,180
"529",2010-03-27,236
"530",2010-03-26,258
"531",2010-03-25,231
"532",2010-03-24,284
"533",2010-03-23,266
"534",2010-03-22,247
"535",2010-03-21,195
"536",2010-03-20,199
"537",2010-03-19,237
"538",2010-03-18,277
"539",2010-03-17,249
"540",2010-03-16,262
"541",2010-03-15,271
"542",2010-03-14,225
"543",2010-03-13,216
"544",2010-03-12,279
"545",2010-03-11,259
"546",2010-03-10,217
"547",2010-03-09,245
"548",2010-03-08,240
"549",2010-03-07,181
"550",2010-03-06,247
"551",2010-03-05,322
"552",2010-03-04,251
"553",2010-03-03,200
"554",2010-03-02,221
"555",2010-03-01,264
"556",2010-04-30,331
"557",2010-04-29,320
"558",2010-04-28,214
"559",2010-04-27,245
"560",2010-04-26,247
"561",2010-04-25,172
"562",2010-04-24,248
"563",2010-04-23,305
"564",2010-04-22,331
"565",2010-04-21,245
"566",2010-04-20,255
"567",2010-04-19,254
"568",2010-04-18,230
"569",2010-04-17,261
"570",2010-04-16,285
"571",2010-04-15,271
"572",2010-04-14,219
"573",2010-04-13,267
"574",2010-04-12,201
"575",2010-04-11,217
"576",2010-04-10,216
"577",2010-04-09,332
"578",2010-04-08,280
"579",2010-04-07,249
"580",2010-04-06,291
"581",2010-04-05,198
"582",2010-04-04,204
"583",2010-04-03,223
"584",2010-04-02,260
"585",2010-04-01,270
"586",2010-05-31,224
"587",2010-05-30,231
"588",2010-05-29,271
"589",2010-05-28,314
"590",2010-05-27,261
"591",2010-05-26,278
"592",2010-05-25,277
"593",2010-05-24,268
"594",2010-05-23,216
"595",2010-05-22,248
"596",2010-05-21,287
"597",2010-05-20,274
"598",2010-05-19,264
"599",2010-05-18,243
"600",2010-05-17,262
"601",2010-05-16,239
"602",2010-05-15,329
"603",2010-05-14,303
"604",2010-05-13,345
"605",2010-05-12,219
"606",2010-05-11,274
"607",2010-05-10,254
"608",2010-05-09,206
"609",2010-05-08,284
"610",2010-05-07,354
"611",2010-05-06,226
"612",2010-05-05,294
"613",2010-05-04,259
"614",2010-05-03,194
"615",2010-05-02,222
"616",2010-05-01,304
"617",2010-06-30,260
"618",2010-06-29,292
"619",2010-06-28,295
"620",2010-06-27,219
"621",2010-06-26,211
"622",2010-06-25,278
"623",2010-06-24,310
"624",2010-06-23,349
"625",2010-06-22,307
"626",2010-06-21,256
"627",2010-06-20,190
"628",2010-06-19,221
"629",2010-06-18,284
"630",2010-06-17,316
"631",2010-06-16,324
"632",2010-06-15,297
"633",2010-06-14,269
"634",2010-06-13,229
"635",2010-06-12,280
"636",2010-06-11,339
"637",2010-06-10,257
"638",2010-06-09,249
"639",2010-06-08,302
"640",2010-06-07,247
"641",2010-06-06,247
"642",2010-06-05,267
"643",2010-06-04,265
"644",2010-06-03,242
"645",2010-06-02,243
"646",2010-06-01,260
"647",2010-07-31,260
"648",2010-07-30,273
"649",2010-07-29,304
"650",2010-07-28,280
"651",2010-07-27,254
"652",2010-07-26,251
"653",2010-07-25,237
"654",2010-07-24,225
"655",2010-07-23,293
"656",2010-07-22,345
"657",2010-07-21,325
"658",2010-07-20,305
"659",2010-07-19,259
"660",2010-07-18,195
"661",2010-07-17,246
"662",2010-07-16,303
"663",2010-07-15,308
"664",2010-07-14,306
"665",2010-07-13,286
"666",2010-07-12,246
"667",2010-07-11,209
"668",2010-07-10,218
"669",2010-07-09,296
"670",2010-07-08,315
"671",2010-07-07,327
"672",2010-07-06,301
"673",2010-07-05,264
"674",2010-07-04,244
"675",2010-07-03,297
"676",2010-07-02,263
"677",2010-07-01,94
"678",2010-08-31,291
"679",2010-08-30,230
"680",2010-08-29,182
"681",2010-08-28,243
"682",2010-08-27,300
"683",2010-08-26,332
"684",2010-08-25,273
"685",2010-08-24,290
"686",2010-08-23,289
"687",2010-08-22,205
"688",2010-08-21,203
"689",2010-08-20,295
"690",2010-08-19,321
"691",2010-08-18,309
"692",2010-08-17,335
"693",2010-08-16,253
"694",2010-08-15,246
"695",2010-08-14,252
"696",2010-08-13,342
"697",2010-08-12,349
"698",2010-08-11,338
"699",2010-08-10,229
"700",2010-08-09,238
"701",2010-08-08,191
"702",2010-08-07,265
"703",2010-08-06,284
"704",2010-08-05,301
"705",2010-08-04,255
"706",2010-08-03,240
"707",2010-08-02,233
"708",2010-08-01,200
"709",2010-09-30,306
"710",2010-09-29,323
"711",2010-09-28,276
"712",2010-09-27,285
"713",2010-09-26,229
"714",2010-09-25,287
"715",2010-09-24,326
"716",2010-09-23,285
"717",2010-09-22,275
"718",2010-09-21,278
"719",2010-09-20,257
"720",2010-09-19,228
"721",2010-09-18,299
"722",2010-09-17,325
"723",2010-09-16,321
"724",2010-09-15,264
"725",2010-09-14,271
"726",2010-09-13,231
"727",2010-09-12,181
"728",2010-09-11,215
"729",2010-09-10,324
"730",2010-09-09,307
"731",2010-09-08,345
"732",2010-09-07,263
"733",2010-09-06,268
"734",2010-09-05,230
"735",2010-09-04,259
"736",2010-09-03,300
"737",2010-09-02,302
"738",2010-09-01,233
"739",2010-10-31,272
"740",2010-10-30,340
"741",2010-10-29,335
"742",2010-10-28,269
"743",2010-10-27,220
"744",2010-10-26,228
"745",2010-10-25,193
"746",2010-10-24,162
"747",2010-10-23,240
"748",2010-10-22,259
"749",2010-10-21,268
"750",2010-10-20,249
"751",2010-10-19,259
"752",2010-10-18,225
"753",2010-10-17,210
"754",2010-10-16,253
"755",2010-10-15,266
"756",2010-10-14,290
"757",2010-10-13,253
"758",2010-10-12,260
"759",2010-10-11,232
"760",2010-10-10,204
"761",2010-10-09,281
"762",2010-10-08,297
"763",2010-10-07,271
"764",2010-10-06,245
"765",2010-10-05,238
"766",2010-10-04,212
"767",2010-10-03,230
"768",2010-10-02,379
"769",2010-10-01,312
"770",2010-11-30,243
"771",2010-11-29,207
"772",2010-11-28,169
"773",2010-11-27,236
"774",2010-11-26,270
"775",2010-11-25,191
"776",2010-11-24,210
"777",2010-11-23,211
"778",2010-11-22,208
"779",2010-11-21,175
"780",2010-11-20,256
"781",2010-11-19,313
"782",2010-11-18,261
"783",2010-11-17,238
"784",2010-11-16,188
"785",2010-11-15,271
"786",2010-11-14,211
"787",2010-11-13,232
"788",2010-11-12,305
"789",2010-11-11,265
"790",2010-11-10,190
"791",2010-11-09,197
"792",2010-11-08,182
"793",2010-11-07,230
"794",2010-11-06,266
"795",2010-11-05,279
"796",2010-11-04,332
"797",2010-11-03,292
"798",2010-11-02,213
"799",2010-11-01,251
"800",2010-12-31,287
"801",2010-12-30,281
"802",2010-12-29,316
"803",2010-12-28,241
"804",2010-12-27,220
"805",2010-12-26,181
"806",2010-12-25,204
"807",2010-12-24,241
"808",2010-12-23,314
"809",2010-12-22,315
"810",2010-12-21,287
"811",2010-12-20,215
"812",2010-12-19,165
"813",2010-12-18,212
"814",2010-12-17,275
"815",2010-12-16,307
"816",2010-12-15,230
"817",2010-12-14,266
"818",2010-12-13,276
"819",2010-12-12,179
"820",2010-12-11,187
"821",2010-12-10,253
"822",2010-12-09,268
"823",2010-12-08,281
"824",2010-12-07,250
"825",2010-12-06,218
"826",2010-12-05,200
"827",2010-12-04,229
"828",2010-12-03,265
"829",2010-12-02,286
"830",2010-12-01,271
"831",2011-01-31,262
"832",2011-01-30,220
"833",2011-01-29,274
"834",2011-01-28,293
"835",2011-01-27,267
"836",2011-01-26,226
"837",2011-01-25,283
"838",2011-01-24,268
"839",2011-01-23,185
"840",2011-01-22,297
"841",2011-01-21,313
"842",2011-01-20,278
"843",2011-01-19,271
"844",2011-01-18,342
"845",2011-01-17,260
"846",2011-01-16,196
"847",2011-01-15,224
"848",2011-01-14,258
"849",2011-01-13,245
"850",2011-01-12,242
"851",2011-01-11,218
"852",2011-01-10,235
"853",2011-01-09,212
"854",2011-01-08,256
"855",2011-01-07,290
"856",2011-01-06,287
"857",2011-01-05,297
"858",2011-01-04,266
"859",2011-01-03,178
"860",2011-01-02,178
"861",2011-01-01,248
"862",2011-02-28,233
"863",2011-02-27,178
"864",2011-02-26,242
"865",2011-02-25,294
"866",2011-02-24,270
"867",2011-02-23,277
"868",2011-02-22,290
"869",2011-02-21,274
"870",2011-02-20,215
"871",2011-02-19,225
"872",2011-02-18,291
"873",2011-02-17,352
"874",2011-02-16,196
"875",2011-02-15,212
"876",2011-02-14,226
"877",2011-02-13,170
"878",2011-02-12,234
"879",2011-02-11,279
"880",2011-02-10,337
"881",2011-02-09,271
"882",2011-02-08,277
"883",2011-02-07,348
"884",2011-02-06,230
"885",2011-02-05,288
"886",2011-02-04,346
"887",2011-02-03,266
"888",2011-02-02,271
"889",2011-02-01,234
"890",2011-03-31,351
"891",2011-03-30,3
"892",2011-03-29,291
"893",2011-03-28,308
"894",2011-03-27,199
"895",2011-03-26,248
"896",2011-03-25,289
"897",2011-03-24,290
"898",2011-03-23,336
"899",2011-03-22,319
"900",2011-03-21,275
"901",2011-03-20,216
"902",2011-03-19,277
"903",2011-03-18,280
"904",2011-03-17,365
"905",2011-03-16,229
"906",2011-03-15,285
"907",2011-03-14,288
"908",2011-03-13,210
"909",2011-03-12,248
"910",2011-03-11,259
"911",2011-03-10,309
"912",2011-03-09,274
"913",2011-03-08,266
"914",2011-03-07,270
"915",2011-03-06,214
"916",2011-03-05,243
"917",2011-03-04,296
"918",2011-03-03,234
"919",2011-03-02,249
"920",2011-03-01,299
"921",2011-04-30,292
"922",2011-04-29,221
"923",2011-04-28,256
"924",2011-04-27,225
"925",2011-04-26,238
"926",2011-04-25,249
"927",2011-04-24,180
"928",2011-04-23,249
"929",2011-04-22,295
"930",2011-04-21,331
"931",2011-04-20,231
"932",2011-04-19,315
"933",2011-04-18,292
"934",2011-04-17,203
"935",2011-04-16,253
"936",2011-04-15,307
"937",2011-04-14,315
"938",2011-04-13,252
"939",2011-04-12,311
"940",2011-04-11,282
"941",2011-04-10,256
"942",2011-04-09,243
"943",2011-04-08,304
"944",2011-04-07,290
"945",2011-04-06,246
"946",2011-04-05,311
"947",2011-04-04,258
"948",2011-04-03,204
"949",2011-04-02,275
"950",2011-04-01,377
"951",2011-05-31,264
"952",2011-05-30,227
"953",2011-05-29,240
"954",2011-05-28,290
"955",2011-05-27,309
"956",2011-05-26,280
"957",2011-05-25,238
"958",2011-05-24,261
"959",2011-05-23,269
"960",2011-05-22,235
"961",2011-05-21,307
"962",2011-05-20,302
"963",2011-05-19,279
"964",2011-05-18,272
"965",2011-05-17,237
"966",2011-05-16,282
"967",2011-05-15,221
"968",2011-05-14,264
"969",2011-05-13,329
"970",2011-05-12,345
"971",2011-05-11,251
"972",2011-05-10,308
"973",2011-05-09,243
"974",2011-05-08,218
"975",2011-05-07,267
"976",2011-05-06,326
"977",2011-05-05,302
"978",2011-05-04,255
"979",2011-05-03,282
"980",2011-05-02,262
"981",2011-05-01,210
"982",2011-06-30,359
"983",2011-06-29,291
"984",2011-06-28,275
"985",2011-06-27,271
"986",2011-06-26,220
"987",2011-06-25,251
"988",2011-06-24,299
"989",2011-06-23,300
"990",2011-06-22,303
"991",2011-06-21,287
"992",2011-06-20,256
"993",2011-06-19,220
"994",2011-06-18,254
"995",2011-06-17,330
"996",2011-06-16,390
"997",2011-06-15,322
"998",2011-06-14,331
"999",2011-06-13,291
"1000",2011-06-12,197
"1001",2011-06-11,311
"1002",2011-06-10,349
"1003",2011-06-09,314
"1004",2011-06-08,285
"1005",2011-06-07,327
"1006",2011-06-06,294
"1007",2011-06-05,226
"1008",2011-06-04,264
"1009",2011-06-03,369
"1010",2011-06-02,265
"1011",2011-06-01,288
"1012",2011-07-31,240
"1013",2011-07-30,315
"1014",2011-07-29,327
"1015",2011-07-28,298
"1016",2011-07-27,294
"1017",2011-07-26,300
"1018",2011-07-25,286
"1019",2011-07-24,221
"1020",2011-07-23,296
"1021",2011-07-22,294
"1022",2011-07-21,340
"1023",2011-07-20,290
"1024",2011-07-19,318
"1025",2011-07-18,238
"1026",2011-07-17,206
"1027",2011-07-16,246
"1028",2011-07-15,331
"1029",2011-07-14,322
"1030",2011-07-13,268
"1031",2011-07-12,308
"1032",2011-07-11,267
"1033",2011-07-10,200
"1034",2011-07-09,324
"1035",2011-07-08,319
"1036",2011-07-07,345
"1037",2011-07-06,409
"1038",2011-07-05,291
"1039",2011-07-04,248
"1040",2011-07-03,184
"1041",2011-07-02,262
"1042",2011-07-01,297
"1043",2011-08-31,311
"1044",2011-08-30,285
"1045",2011-08-29,277
"1046",2011-08-28,240
"1047",2011-08-27,316
"1048",2011-08-26,332
"1049",2011-08-25,347
"1050",2011-08-24,341
"1051",2011-08-23,300
"1052",2011-08-22,296
"1053",2011-08-21,232
"1054",2011-08-20,325
"1055",2011-08-19,342
"1056",2011-08-18,297
"1057",2011-08-17,327
"1058",2011-08-16,271
"1059",2011-08-15,328
"1060",2011-08-14,252
"1061",2011-08-13,309
"1062",2011-08-12,332
"1063",2011-08-11,298
"1064",2011-08-10,322
"1065",2011-08-09,296
"1066",2011-08-08,260
"1067",2011-08-07,246
"1068",2011-08-06,297
"1069",2011-08-05,389
"1070",2011-08-04,358
"1071",2011-08-03,359
"1072",2011-08-02,282
"1073",2011-08-01,280
"1074",2011-09-30,371
"1075",2011-09-29,349
"1076",2011-09-28,264
"1077",2011-09-27,296
"1078",2011-09-26,290
"1079",2011-09-25,274
"1080",2011-09-24,401
"1081",2011-09-23,376
"1082",2011-09-22,334
"1083",2011-09-21,325
"1084",2011-09-20,242
"1085",2011-09-19,245
"1086",2011-09-18,236
"1087",2011-09-17,311
"1088",2011-09-16,293
"1089",2011-09-15,313
"1090",2011-09-14,295
"1091",2011-09-13,282
"1092",2011-09-12,297
"1093",2011-09-11,231
"1094",2011-09-10,345
"1095",2011-09-09,397
"1096",2011-09-08,352
"1097",2011-09-07,325
"1098",2011-09-06,292
"1099",2011-09-05,236
"1100",2011-09-04,234
"1101",2011-09-03,280
"1102",2011-09-02,358
"1103",2011-09-01,324
"1104",2011-10-31,256
"1105",2011-10-30,301
"1106",2011-10-29,346
"1107",2011-10-28,321
"1108",2011-10-27,265
"1109",2011-10-26,248
"1110",2011-10-25,233
"1111",2011-10-24,277
"1112",2011-10-23,228
"1113",2011-10-22,291
"1114",2011-10-21,305
"1115",2011-10-20,360
"1116",2011-10-19,267
"1117",2011-10-18,302
"1118",2011-10-17,288
"1119",2011-10-16,255
"1120",2011-10-15,339
"1121",2011-10-14,275
"1122",2011-10-13,282
"1123",2011-10-12,320
"1124",2011-10-11,264
"1125",2011-10-10,267
"1126",2011-10-09,247
"1127",2011-10-08,356
"1128",2011-10-07,304
"1129",2011-10-06,353
"1130",2011-10-05,282
"1131",2011-10-04,243
"1132",2011-10-03,260
"1133",2011-10-02,210
"1134",2011-10-01,303
"1135",2011-11-30,281
"1136",2011-11-29,273
"1137",2011-11-28,281
"1138",2011-11-27,223
"1139",2011-11-26,289
"1140",2011-11-25,265
"1141",2011-11-24,197
"1142",2011-11-23,294
"1143",2011-11-22,252
"1144",2011-11-21,253
"1145",2011-11-20,237
"1146",2011-11-19,328
"1147",2011-11-18,294
"1148",2011-11-17,260
"1149",2011-11-16,256
"1150",2011-11-15,292
"1151",2011-11-14,270
"1152",2011-11-13,224
"1153",2011-11-12,282
"1154",2011-11-11,259
"1155",2011-11-10,286
"1156",2011-11-09,236
"1157",2011-11-08,246
"1158",2011-11-07,254
"1159",2011-11-06,240
"1160",2011-11-05,99
"1161",2011-11-04,292
"1162",2011-11-03,263
"1163",2011-11-02,253
"1164",2011-11-01,275
"1165",2011-12-31,233
"1166",2011-12-30,282
"1167",2011-12-29,272
"1168",2011-12-28,320
"1169",2011-12-27,256
"1170",2011-12-26,223
"1171",2011-12-25,197
"1172",2011-12-24,242
"1173",2011-12-23,256
"1174",2011-12-22,281
"1175",2011-12-21,308
"1176",2011-12-20,290
"1177",2011-12-19,267
"1178",2011-12-18,216
"1179",2011-12-17,275
"1180",2011-12-16,285
"1181",2011-12-15,285
"1182",2011-12-14,280
"1183",2011-12-13,239
"1184",2011-12-12,243
"1185",2011-12-11,218
"1186",2011-12-10,261
"1187",2011-12-09,314
"1188",2011-12-08,318
"1189",2011-12-07,306
"1190",2011-12-06,281
"1191",2011-12-05,251
"1192",2011-12-04,218
"1193",2011-12-03,295
"1194",2011-12-02,399
"1195",2011-12-01,302
"1196",2012-01-31,310
"1197",2012-01-30,296
"1198",2012-01-29,287
"1199",2012-01-28,272
"1200",2012-01-27,343
"1201",2012-01-26,386
"1202",2012-01-25,294
"1203",2012-01-24,247
"1204",2012-01-23,258
"1205",2012-01-22,236
"1206",2012-01-21,309
"1207",2012-01-20,342
"1208",2012-01-19,377
"1209",2012-01-18,262
"1210",2012-01-17,278
"1211",2012-01-16,235
"1212",2012-01-15,219
"1213",2012-01-14,286
"1214",2012-01-13,290
"1215",2012-01-12,321
"1216",2012-01-11,251
"1217",2012-01-10,274
"1218",2012-01-09,238
"1219",2012-01-08,177
"1220",2012-01-07,247
"1221",2012-01-06,300
"1222",2012-01-05,287
"1223",2012-01-04,249
"1224",2012-01-03,250
"1225",2012-01-02,213
"1226",2012-01-01,208
"1227",2012-02-29,258
"1228",2012-02-28,229
"1229",2012-02-27,256
"1230",2012-02-26,201
"1231",2012-02-25,247
"1232",2012-02-24,407
"1233",2012-02-23,370
"1234",2012-02-22,319
"1235",2012-02-21,320
"1236",2012-02-20,287
"1237",2012-02-19,248
"1238",2012-02-18,261
"1239",2012-02-17,333
"1240",2012-02-16,313
"1241",2012-02-15,263
"1242",2012-02-14,272
"1243",2012-02-13,269
"1244",2012-02-12,224
"1245",2012-02-11,312
"1246",2012-02-10,320
"1247",2012-02-09,333
"1248",2012-02-08,309
"1249",2012-02-07,288
"1250",2012-02-06,209
"1251",2012-02-05,244
"1252",2012-02-04,315
"1253",2012-02-03,391
"1254",2012-02-02,326
"1255",2012-02-01,271
"1256",2012-03-31,270
"1257",2012-03-30,272
"1258",2012-03-29,241
"1259",2012-03-28,252
"1260",2012-03-27,247
"1261",2012-03-26,255
"1262",2012-03-25,237
"1263",2012-03-24,286
"1264",2012-03-23,309
"1265",2012-03-22,270
"1266",2012-03-21,482
"1267",2012-03-20,257
"1268",2012-03-19,295
"1269",2012-03-18,239
"1270",2012-03-17,253
"1271",2012-03-16,331
"1272",2012-03-15,252
"1273",2012-03-14,272
"1274",2012-03-13,255
"1275",2012-03-12,280
"1276",2012-03-11,205
"1277",2012-03-10,291
"1278",2012-03-09,312
"1279",2012-03-08,290
"1280",2012-03-07,227
"1281",2012-03-06,257
"1282",2012-03-05,236
"1283",2012-03-04,206
"1284",2012-03-03,271
"1285",2012-03-02,345
"1286",2012-03-01,283
"1287",2012-04-30,247
"1288",2012-04-29,235
"1289",2012-04-28,319
"1290",2012-04-27,377
"1291",2012-04-26,320
"1292",2012-04-25,317
"1293",2012-04-24,296
"1294",2012-04-23,275
"1295",2012-04-22,227
"1296",2012-04-21,291
"1297",2012-04-20,365
"1298",2012-04-19,315
"1299",2012-04-18,279
"1300",2012-04-17,294
"1301",2012-04-16,291
"1302",2012-04-15,250
"1303",2012-04-14,317
"1304",2012-04-13,358
"1305",2012-04-12,309
"1306",2012-04-11,227
"1307",2012-04-10,256
"1308",2012-04-09,277
"1309",2012-04-08,214
"1310",2012-04-07,300
"1311",2012-04-06,337
"1312",2012-04-05,272
"1313",2012-04-04,221
"1314",2012-04-03,248
"1315",2012-04-02,354
"1316",2012-04-01,174
"1317",2012-05-31,408
"1318",2012-05-30,315
"1319",2012-05-29,306
"1320",2012-05-28,235
"1321",2012-05-27,205
"1322",2012-05-26,273
"1323",2012-05-25,334
"1324",2012-05-24,246
"1325",2012-05-23,285
"1326",2012-05-22,246
"1327",2012-05-21,285
"1328",2012-05-20,219
"1329",2012-05-19,265
"1330",2012-05-18,297
"1331",2012-05-17,347
"1332",2012-05-16,291
"1333",2012-05-15,290
"1334",2012-05-14,234
"1335",2012-05-13,209
"1336",2012-05-12,291
"1337",2012-05-11,258
"1338",2012-05-10,305
"1339",2012-05-09,300
"1340",2012-05-08,315
"1341",2012-05-07,315
"1342",2012-05-06,263
"1343",2012-05-05,294
"1344",2012-05-04,326
"1345",2012-05-03,269
"1346",2012-05-02,242
"1347",2012-05-01,277
"1348",2012-06-30,333
"1349",2012-06-29,428
"1350",2012-06-28,434
"1351",2012-06-27,418
"1352",2012-06-26,327
"1353",2012-06-25,336
"1354",2012-06-24,310
"1355",2012-06-23,298
"1356",2012-06-22,345
"1357",2012-06-21,339
"1358",2012-06-20,390
"1359",2012-06-19,307
"1360",2012-06-18,312
"1361",2012-06-17,227
"1362",2012-06-16,263
"1363",2012-06-15,330
"1364",2012-06-14,335
"1365",2012-06-13,298
"1366",2012-06-12,332
"1367",2012-06-11,304
"1368",2012-06-10,264
"1369",2012-06-09,306
"1370",2012-06-08,357
"1371",2012-06-07,281
"1372",2012-06-06,282
"1373",2012-06-05,342
"1374",2012-06-04,319
"1375",2012-06-03,253
"1376",2012-06-02,301
"1377",2012-06-01,349
"1378",2012-07-31,269
"1379",2012-07-30,269
"1380",2012-07-29,221
"1381",2012-07-28,301
"1382",2012-07-27,336
"1383",2012-07-26,316
"1384",2012-07-25,349
"1385",2012-07-24,303
"1386",2012-07-23,320
"1387",2012-07-22,231
"1388",2012-07-21,318
"1389",2012-07-20,382
"1390",2012-07-19,319
"1391",2012-07-18,306
"1392",2012-07-17,293
"1393",2012-07-16,352
"1394",2012-07-15,248
"1395",2012-07-14,324
"1396",2012-07-13,360
"1397",2012-07-12,409
"1398",2012-07-11,316
"1399",2012-07-10,367
"1400",2012-07-09,343
"1401",2012-07-08,285
"1402",2012-07-07,346
"1403",2012-07-06,382
"1404",2012-07-05,350
"1405",2012-07-04,323
"1406",2012-07-03,383
"1407",2012-07-02,332
"1408",2012-07-01,248
"1409",2012-08-31,343
"1410",2012-08-30,307
"1411",2012-08-29,308
"1412",2012-08-28,302
"1413",2012-08-27,282
"1414",2012-08-26,254
"1415",2012-08-25,294
"1416",2012-08-24,332
"1417",2012-08-23,342
"1418",2012-08-22,307
"1419",2012-08-21,277
"1420",2012-08-20,297
"1421",2012-08-19,249
"1422",2012-08-18,269
"1423",2012-08-17,333
"1424",2012-08-16,347
"1425",2012-08-15,363
"1426",2012-08-14,295
"1427",2012-08-13,282
"1428",2012-08-12,230
"1429",2012-08-11,276
"1430",2012-08-10,334
"1431",2012-08-09,275
"1432",2012-08-08,316
"1433",2012-08-07,282
"1434",2012-08-06,274
"1435",2012-08-05,261
"1436",2012-08-04,304
"1437",2012-08-03,357
"1438",2012-08-02,345
"1439",2012-08-01,367
"1440",2012-09-30,263
"1441",2012-09-29,302
"1442",2012-09-28,344
"1443",2012-09-27,337
"1444",2012-09-26,314
"1445",2012-09-25,342
"1446",2012-09-24,347
"1447",2012-09-23,292
"1448",2012-09-22,342
"1449",2012-09-21,357
"1450",2012-09-20,350
"1451",2012-09-19,334
"1452",2012-09-18,364
"1453",2012-09-17,312
"1454",2012-09-16,259
"1455",2012-09-15,311
"1456",2012-09-14,361
"1457",2012-09-13,323
"1458",2012-09-12,263
"1459",2012-09-11,265
"1460",2012-09-10,271
"1461",2012-09-09,242
"1462",2012-09-08,305
"1463",2012-09-07,381
"1464",2012-09-06,313
"1465",2012-09-05,274
"1466",2012-09-04,277
"1467",2012-09-03,224
"1468",2012-09-02,237
"1469",2012-09-01,345
"1470",2012-10-31,326
"1471",2012-10-30,338
"1472",2012-10-29,320
"1473",2012-10-28,261
"1474",2012-10-27,341
"1475",2012-10-26,309
"1476",2012-10-25,321
"1477",2012-10-24,290
"1478",2012-10-23,252
"1479",2012-10-22,252
"1480",2012-10-21,216
"1481",2012-10-20,338
"1482",2012-10-19,322
"1483",2012-10-18,270
"1484",2012-10-17,286
"1485",2012-10-16,260
"1486",2012-10-15,301
"1487",2012-10-14,252
"1488",2012-10-13,301
"1489",2012-10-12,288
"1490",2012-10-11,311
"1491",2012-10-10,337
"1492",2012-10-09,321
"1493",2012-10-08,263
"1494",2012-10-07,238
"1495",2012-10-06,349
"1496",2012-10-05,379
"1497",2012-10-04,335
"1498",2012-10-03,305
"1499",2012-10-02,283
"1500",2012-10-01,295
"1501",2012-11-30,297
"1502",2012-11-29,337
"1503",2012-11-28,403
"1504",2012-11-27,303
"1505",2012-11-26,289
"1506",2012-11-25,221
"1507",2012-11-24,209
"1508",2012-11-23,290
"1509",2012-11-22,204
"1510",2012-11-21,276
"1511",2012-11-20,309
"1512",2012-11-19,267
"1513",2012-11-18,262
"1514",2012-11-17,322
"1515",2012-11-16,380
"1516",2012-11-15,336
"1517",2012-11-14,341
"1518",2012-11-13,306
"1519",2012-11-12,261
"1520",2012-11-11,213
"1521",2012-11-10,260
"1522",2012-11-09,334
"1523",2012-11-08,330
"1524",2012-11-07,312
"1525",2012-11-06,336
"1526",2012-11-05,284
"1527",2012-11-04,237
"1528",2012-11-03,332
"1529",2012-11-02,374
"1530",2012-11-01,376
"1531",2012-12-31,282
"1532",2012-12-30,236
"1533",2012-12-29,301
"1534",2012-12-28,296
"1535",2012-12-27,364
"1536",2012-12-26,348
"1537",2012-12-25,191
"1538",2012-12-24,217
"1539",2012-12-23,211
"1540",2012-12-22,277
"1541",2012-12-21,418
"1542",2012-12-20,352
"1543",2012-12-19,350
"1544",2012-12-18,260
"1545",2012-12-17,288
"1546",2012-12-16,229
"1547",2012-12-15,231
"1548",2012-12-14,324
"1549",2012-12-13,407
"1550",2012-12-12,418
"1551",2012-12-11,320
"1552",2012-12-10,310
"1553",2012-12-09,272
"1554",2012-12-08,248
"1555",2012-12-07,327
"1556",2012-12-06,412
"1557",2012-12-05,436
"1558",2012-12-04,333
"1559",2012-12-03,285
"1560",2012-12-02,228
"1561",2012-12-01,253
"1562",2013-01-31,377
"1563",2013-01-30,371
"1564",2013-01-29,319
"1565",2013-01-28,300
"1566",2013-01-27,254
"1567",2013-01-26,331
"1568",2013-01-25,386
"1569",2013-01-24,413
"1570",2013-01-23,371
"1571",2013-01-22,292
"1572",2013-01-21,263
"1573",2013-01-20,258
"1574",2013-01-19,300
"1575",2013-01-18,357
"1576",2013-01-17,369
"1577",2013-01-16,367
"1578",2013-01-15,305
"1579",2013-01-14,241
"1580",2013-01-13,229
"1581",2013-01-12,321
"1582",2013-01-11,369
"1583",2013-01-10,315
"1584",2013-01-09,375
"1585",2013-01-08,321
"1586",2013-01-07,273
"1587",2013-01-06,259
"1588",2013-01-05,297
"1589",2013-01-04,403
"1590",2013-01-03,414
"1591",2013-01-02,421
"1592",2013-01-01,293
"1593",2013-02-28,371
"1594",2013-02-27,380
"1595",2013-02-26,301
"1596",2013-02-25,231
"1597",2013-02-24,264
"1598",2013-02-23,275
"1599",2013-02-22,352
"1600",2013-02-21,379
"1601",2013-02-20,368
"1602",2013-02-19,327
"1603",2013-02-18,309
"1604",2013-02-17,260
"1605",2013-02-16,277
"1606",2013-02-15,355
"1607",2013-02-14,363
"1608",2013-02-13,342
"1609",2013-02-12,334
"1610",2013-02-11,259
"1611",2013-02-10,239
"1612",2013-02-09,295
"1613",2013-02-08,379
"1614",2013-02-07,301
"1615",2013-02-06,321
"1616",2013-02-05,267
"1617",2013-02-04,277
"1618",2013-02-03,221
"1619",2013-02-02,318
"1620",2013-02-01,323
"1621",2013-03-31,248
"1622",2013-03-30,311
"1623",2013-03-29,332
"1624",2013-03-28,358
"1625",2013-03-27,314
"1626",2013-03-26,281
"1627",2013-03-25,282
"1628",2013-03-24,222
"1629",2013-03-23,287
"1630",2013-03-22,348
"1631",2013-03-21,384
"1632",2013-03-20,346
"1633",2013-03-19,306
"1634",2013-03-18,289
"1635",2013-03-17,224
"1636",2013-03-16,280
"1637",2013-03-15,373
"1638",2013-03-14,414
"1639",2013-03-13,470
"1640",2013-03-12,343
"1641",2013-03-11,343
"1642",2013-03-10,243
"1643",2013-03-09,310
"1644",2013-03-08,373
"1645",2013-03-07,403
"1646",2013-03-06,350
"1647",2013-03-05,278
"1648",2013-03-04,286
"1649",2013-03-03,244
"1650",2013-03-02,310
"1651",2013-03-01,329
"1652",2013-04-30,292
"1653",2013-04-29,272
"1654",2013-04-28,255
"1655",2013-04-27,348
"1656",2013-04-26,326
"1657",2013-04-25,342
"1658",2013-04-24,326
"1659",2013-04-23,281
"1660",2013-04-22,264
"1661",2013-04-21,256
"1662",2013-04-20,303
"1663",2013-04-19,320
"1664",2013-04-18,381
"1665",2013-04-17,277
"1666",2013-04-16,331
"1667",2013-04-15,303
"1668",2013-04-14,225
"1669",2013-04-13,305
"1670",2013-04-12,329
"1671",2013-04-11,371
"1672",2013-04-10,307
"1673",2013-04-09,326
"1674",2013-04-08,236
"1675",2013-04-07,213
"1676",2013-04-06,275
"1677",2013-04-05,355
"1678",2013-04-04,298
"1679",2013-04-03,346
"1680",2013-04-02,342
"1681",2013-04-01,279
"1682",2013-05-31,349
"1683",2013-05-30,340
"1684",2013-05-29,359
"1685",2013-05-28,396
"1686",2013-05-27,255
"1687",2013-05-26,253
"1688",2013-05-25,281
"1689",2013-05-24,353
"1690",2013-05-23,350
"1691",2013-05-22,311
"1692",2013-05-21,264
"1693",2013-05-20,329
"1694",2013-05-19,206
"1695",2013-05-18,299
"1696",2013-05-17,376
"1697",2013-05-16,353
"1698",2013-05-15,275
"1699",2013-05-14,314
"1700",2013-05-13,252
"1701",2013-05-12,237
"1702",2013-05-11,291
"1703",2013-05-10,336
"1704",2013-05-09,301
"1705",2013-05-08,330
"1706",2013-05-07,261
"1707",2013-05-06,292
"1708",2013-05-05,280
"1709",2013-05-04,295
"1710",2013-05-03,348
"1711",2013-05-02,316
"1712",2013-05-01,320
"1713",2013-06-30,268
"1714",2013-06-29,283
"1715",2013-06-28,313
"1716",2013-06-27,357
"1717",2013-06-26,367
"1718",2013-06-25,357
"1719",2013-06-24,301
"1720",2013-06-23,264
"1721",2013-06-22,313
"1722",2013-06-21,338
"1723",2013-06-20,365
"1724",2013-06-19,292
"1725",2013-06-18,315
"1726",2013-06-17,287
"1727",2013-06-16,267
"1728",2013-06-15,345
"1729",2013-06-14,341
"1730",2013-06-13,326
"1731",2013-06-12,361
"1732",2013-06-11,386
"1733",2013-06-10,322
"1734",2013-06-09,294
"1735",2013-06-08,381
"1736",2013-06-07,414
"1737",2013-06-06,359
"1738",2013-06-05,392
"1739",2013-06-04,339
"1740",2013-06-03,286
"1741",2013-06-02,266
"1742",2013-06-01,316
"1743",2013-07-31,328
"1744",2013-07-30,322
"1745",2013-07-29,295
"1746",2013-07-28,272
"1747",2013-07-27,283
"1748",2013-07-26,359
"1749",2013-07-25,326
"1750",2013-07-24,374
"1751",2013-07-23,330
"1752",2013-07-22,318
"1753",2013-07-21,277
"1754",2013-07-20,289
"1755",2013-07-19,349
"1756",2013-07-18,388
"1757",2013-07-17,449
"1758",2013-07-16,374
"1759",2013-07-15,309
"1760",2013-07-14,242
"1761",2013-07-13,311
"1762",2013-07-12,359
"1763",2013-07-11,433
"1764",2013-07-10,392
"1765",2013-07-09,313
"1766",2013-07-08,296
"1767",2013-07-07,262
"1768",2013-07-06,269
"1769",2013-07-05,301
"1770",2013-07-04,317
"1771",2013-07-03,476
"1772",2013-07-02,303
"1773",2013-07-01,319
"1774",2013-08-31,327
"1775",2013-08-30,343
"1776",2013-08-29,327
"1777",2013-08-28,352
"1778",2013-08-27,324
"1779",2013-08-26,291
"1780",2013-08-25,207
"1781",2013-08-24,311
"1782",2013-08-23,347
"1783",2013-08-22,338
"1784",2013-08-21,294
"1785",2013-08-20,319
"1786",2013-08-19,301
"1787",2013-08-18,307
"1788",2013-08-17,297
"1789",2013-08-16,357
"1790",2013-08-15,429
"1791",2013-08-14,435
"1792",2013-08-13,313
"1793",2013-08-12,317
"1794",2013-08-11,273
"1795",2013-08-10,288
"1796",2013-08-09,358
"1797",2013-08-08,383
"1798",2013-08-07,453
"1799",2013-08-06,343
"1800",2013-08-05,289
"1801",2013-08-04,326
"1802",2013-08-03,294
"1803",2013-08-02,362
"1804",2013-08-01,347
"1805",2013-09-30,275
"1806",2013-09-29,213
"1807",2013-09-28,302
"1808",2013-09-27,331
"1809",2013-09-26,312
"1810",2013-09-25,305
"1811",2013-09-24,317
"1812",2013-09-23,288
"1813",2013-09-22,279
"1814",2013-09-21,261
"1815",2013-09-20,302
"1816",2013-09-19,340
"1817",2013-09-18,324
"1818",2013-09-17,306
"1819",2013-09-16,355
"1820",2013-09-15,261
"1821",2013-09-14,323
"1822",2013-09-13,360
"1823",2013-09-12,302
"1824",2013-09-11,346
"1825",2013-09-10,325
"1826",2013-09-09,289
"1827",2013-09-08,247
"1828",2013-09-07,299
"1829",2013-09-06,362
"1830",2013-09-05,283
"1831",2013-09-04,319
"1832",2013-09-03,298
"1833",2013-09-02,265
"1834",2013-09-01,265
"1835",2013-10-31,372
"1836",2013-10-30,392
"1837",2013-10-29,271
"1838",2013-10-28,250
"1839",2013-10-27,222
"1840",2013-10-26,319
"1841",2013-10-25,291
"1842",2013-10-24,348
"1843",2013-10-23,325
"1844",2013-10-22,348
"1845",2013-10-21,276
"1846",2013-10-20,255
"1847",2013-10-19,296
"1848",2013-10-18,293
"1849",2013-10-17,323
"1850",2013-10-16,375
"1851",2013-10-15,322
"1852",2013-10-14,292
"1853",2013-10-13,267
"1854",2013-10-12,265
"1855",2013-10-11,282
"1856",2013-10-10,320
"1857",2013-10-09,260
"1858",2013-10-08,278
"1859",2013-10-07,313
"1860",2013-10-06,268
"1861",2013-10-05,265
"1862",2013-10-04,331
"1863",2013-10-03,298
"1864",2013-10-02,231
"1865",2013-10-01,312
"1866",2013-11-30,201
"1867",2013-11-29,209
"1868",2013-11-28,167
"1869",2013-11-27,219
"1870",2013-11-26,235
"1871",2013-11-25,146
"1872",2013-11-24,136
"1873",2013-11-23,194
"1874",2013-11-22,210
"1875",2013-11-21,191
"1876",2013-11-20,146
"1877",2013-11-19,189
"1878",2013-11-18,276
"1879",2013-11-17,218
"1880",2013-11-16,281
"1881",2013-11-15,312
"1882",2013-11-14,265
"1883",2013-11-13,338
"1884",2013-11-12,285
"1885",2013-11-11,245
"1886",2013-11-10,167
"1887",2013-11-09,240
"1888",2013-11-08,307
"1889",2013-11-07,278
"1890",2013-11-06,344
"1891",2013-11-05,300
"1892",2013-11-04,269
"1893",2013-11-03,250
"1894",2013-11-02,297
"1895",2013-11-01,297
"1896",2013-12-31,99
"1897",2013-12-30,166
"1898",2013-12-29,128
"1899",2013-12-28,139
"1900",2013-12-27,236
"1901",2013-12-26,215
"1902",2013-12-25,137
"1903",2013-12-24,137
"1904",2013-12-23,169
"1905",2013-12-22,129
"1906",2013-12-21,162
"1907",2013-12-20,231
"1908",2013-12-19,179
"1909",2013-12-18,193
"1910",2013-12-17,163
"1911",2013-12-16,177
"1912",2013-12-15,170
"1913",2013-12-14,182
"1914",2013-12-13,194
"1915",2013-12-12,203
"1916",2013-12-11,176
"1917",2013-12-10,161
"1918",2013-12-09,155
"1919",2013-12-08,140
"1920",2013-12-07,189
"1921",2013-12-06,197
"1922",2013-12-05,227
"1923",2013-12-04,242
"1924",2013-12-03,199
"1925",2013-12-02,166
"1926",2013-12-01,188
"1927",2014-01-31,266
"1928",2014-01-30,245
"1929",2014-01-29,259
"1930",2014-01-28,222
"1931",2014-01-27,227
"1932",2014-01-26,196
"1933",2014-01-25,282
"1934",2014-01-24,233
"1935",2014-01-23,303
"1936",2014-01-22,178
"1937",2014-01-21,195
"1938",2014-01-20,195
"1939",2014-01-19,194
"1940",2014-01-18,226
"1941",2014-01-17,274
"1942",2014-01-16,267
"1943",2014-01-15,259
"1944",2014-01-14,216
"1945",2014-01-13,179
"1946",2014-01-12,159
"1947",2014-01-11,205
"1948",2014-01-10,256
"1949",2014-01-09,219
"1950",2014-01-08,210
"1951",2014-01-07,205
"1952",2014-01-06,184
"1953",2014-01-05,165
"1954",2014-01-04,231
"1955",2014-01-03,272
"1956",2014-01-02,296
"1957",2014-01-01,303
"1958",2014-02-28,241
"1959",2014-02-27,244
"1960",2014-02-26,243
"1961",2014-02-25,215
"1962",2014-02-24,185
"1963",2014-02-23,156
"1964",2014-02-22,192
"1965",2014-02-21,245
"1966",2014-02-20,247
"1967",2014-02-19,193
"1968",2014-02-18,214
"1969",2014-02-17,212
"1970",2014-02-16,175
"1971",2014-02-15,205
"1972",2014-02-14,232
"1973",2014-02-13,247
"1974",2014-02-12,222
"1975",2014-02-11,231
"1976",2014-02-10,156
"1977",2014-02-09,146
"1978",2014-02-08,227
"1979",2014-02-07,206
"1980",2014-02-06,205
"1981",2014-02-05,178
"1982",2014-02-04,236
"1983",2014-02-03,187
"1984",2014-02-02,162
"1985",2014-02-01,196
"1986",2014-03-31,189
"1987",2014-03-30,174
"1988",2014-03-29,246
"1989",2014-03-28,252
"1990",2014-03-27,265
"1991",2014-03-26,221
"1992",2014-03-25,287
"1993",2014-03-24,213
"1994",2014-03-23,162
"1995",2014-03-22,213
"1996",2014-03-21,322
"1997",2014-03-20,292
"1998",2014-03-19,261
"1999",2014-03-18,281
"2000",2014-03-17,220
"2001",2014-03-16,191
"2002",2014-03-15,230
"2003",2014-03-14,294
"2004",2014-03-13,283
"2005",2014-03-12,246
"2006",2014-03-11,224
"2007",2014-03-10,176
"2008",2014-03-09,145
"2009",2014-03-08,242
"2010",2014-03-07,259
"2011",2014-03-06,292
"2012",2014-03-05,238
"2013",2014-03-04,264
"2014",2014-03-03,171
"2015",2014-03-02,153
"2016",2014-03-01,240
"2017",2014-04-30,308
"2018",2014-04-29,266
"2019",2014-04-28,210
"2020",2014-04-27,163
"2021",2014-04-26,172
"2022",2014-04-25,230
"2023",2014-04-24,238
"2024",2014-04-23,263
"2025",2014-04-22,198
"2026",2014-04-21,192
"2027",2014-04-20,148
"2028",2014-04-19,233
"2029",2014-04-18,317
"2030",2014-04-17,255
"2031",2014-04-16,216
"2032",2014-04-15,224
"2033",2014-04-14,186
"2034",2014-04-13,168
"2035",2014-04-12,230
"2036",2014-04-11,244
"2037",2014-04-10,310
"2038",2014-04-09,238
"2039",2014-04-08,225
"2040",2014-04-07,180
"2041",2014-04-06,151
"2042",2014-04-05,194
"2043",2014-04-04,277
"2044",2014-04-03,197
"2045",2014-04-02,205
"2046",2014-04-01,185
"2047",2014-05-31,222
"2048",2014-05-30,255
"2049",2014-05-29,214
"2050",2014-05-28,180
"2051",2014-05-27,209
"2052",2014-05-26,165
"2053",2014-05-25,161
"2054",2014-05-24,186
"2055",2014-05-23,277
"2056",2014-05-22,244
"2057",2014-05-21,259
"2058",2014-05-20,228
"2059",2014-05-19,200
"2060",2014-05-18,155
"2061",2014-05-17,172
"2062",2014-05-16,232
"2063",2014-05-15,273
"2064",2014-05-14,256
"2065",2014-05-13,201
"2066",2014-05-12,184
"2067",2014-05-11,165
"2068",2014-05-10,260
"2069",2014-05-09,229
"2070",2014-05-08,239
"2071",2014-05-07,191
"2072",2014-05-06,164
"2073",2014-05-05,173
"2074",2014-05-04,168
"2075",2014-05-03,242
"2076",2014-05-02,304
"2077",2014-05-01,295
"2078",2014-06-30,227
"2079",2014-06-29,196
"2080",2014-06-28,185
"2081",2014-06-27,275
"2082",2014-06-26,286
"2083",2014-06-25,261
"2084",2014-06-24,256
"2085",2014-06-23,210
"2086",2014-06-22,165
"2087",2014-06-21,218
"2088",2014-06-20,279
"2089",2014-06-19,312
"2090",2014-06-18,223
"2091",2014-06-17,240
"2092",2014-06-16,210
"2093",2014-06-15,181
"2094",2014-06-14,213
"2095",2014-06-13,262
"2096",2014-06-12,320
"2097",2014-06-11,293
"2098",2014-06-10,253
"2099",2014-06-09,188
"2100",2014-06-08,174
"2101",2014-06-07,207
"2102",2014-06-06,271
"2103",2014-06-05,235
"2104",2014-06-04,259
"2105",2014-06-03,253
"2106",2014-06-02,151
"2107",2014-06-01,156
"2108",2014-07-31,265
"2109",2014-07-30,283
"2110",2014-07-29,227
"2111",2014-07-28,225
"2112",2014-07-27,160
"2113",2014-07-26,218
"2114",2014-07-25,334
"2115",2014-07-24,317
"2116",2014-07-23,228
"2117",2014-07-22,217
"2118",2014-07-21,204
"2119",2014-07-20,227
"2120",2014-07-19,218
"2121",2014-07-18,282
"2122",2014-07-17,259
"2123",2014-07-16,322
"2124",2014-07-15,298
"2125",2014-07-14,194
"2126",2014-07-13,192
"2127",2014-07-12,213
"2128",2014-07-11,277
"2129",2014-07-10,194
"2130",2014-07-09,317
"2131",2014-07-08,238
"2132",2014-07-07,130
"2133",2014-07-06,182
"2134",2014-07-05,232
"2135",2014-07-04,301
"2136",2014-07-03,326
"2137",2014-07-02,348
"2138",2014-07-01,226
"2139",2014-08-31,221
"2140",2014-08-30,277
"2141",2014-08-29,262
"2142",2014-08-28,252
"2143",2014-08-27,255
"2144",2014-08-26,227
"2145",2014-08-25,167
"2146",2014-08-24,150
"2147",2014-08-23,229
"2148",2014-08-22,215
"2149",2014-08-21,266
"2150",2014-08-20,277
"2151",2014-08-19,242
"2152",2014-08-18,210
"2153",2014-08-17,174
"2154",2014-08-16,230
"2155",2014-08-15,296
"2156",2014-08-14,256
"2157",2014-08-13,300
"2158",2014-08-12,211
"2159",2014-08-11,228
"2160",2014-08-10,178
"2161",2014-08-09,201
"2162",2014-08-08,257
"2163",2014-08-07,279
"2164",2014-08-06,300
"2165",2014-08-05,224
"2166",2014-08-04,215
"2167",2014-08-03,202
"2168",2014-08-02,231
"2169",2014-08-01,247
"2170",2014-09-30,228
"2171",2014-09-29,220
"2172",2014-09-28,255
"2173",2014-09-27,250
"2174",2014-09-26,261
"2175",2014-09-25,231
"2176",2014-09-24,186
"2177",2014-09-23,237
"2178",2014-09-22,237
"2179",2014-09-21,199
"2180",2014-09-20,247
"2181",2014-09-19,249
"2182",2014-09-18,275
"2183",2014-09-17,218
"2184",2014-09-16,266
"2185",2014-09-15,226
"2186",2014-09-14,197
"2187",2014-09-13,308
"2188",2014-09-12,264
"2189",2014-09-11,276
"2190",2014-09-10,315
"2191",2014-09-09,207
"2192",2014-09-08,286
"2193",2014-09-07,183
"2194",2014-09-06,312
"2195",2014-09-05,291
"2196",2014-09-04,274
"2197",2014-09-03,196
"2198",2014-09-02,228
"2199",2014-09-01,220
"2200",2014-10-31,278
"2201",2014-10-30,198
"2202",2014-10-29,273
"2203",2014-10-28,162
"2204",2014-10-27,220
"2205",2014-10-26,182
"2206",2014-10-25,243
"2207",2014-10-24,258
"2208",2014-10-23,275
"2209",2014-10-22,267
"2210",2014-10-21,229
"2211",2014-10-20,194
"2212",2014-10-19,219
"2213",2014-10-18,318
"2214",2014-10-17,239
"2215",2014-10-16,242
"2216",2014-10-15,208
"2217",2014-10-14,162
"2218",2014-10-13,173
"2219",2014-10-12,174
"2220",2014-10-11,259
"2221",2014-10-10,250
"2222",2014-10-09,315
"2223",2014-10-08,198
"2224",2014-10-07,196
"2225",2014-10-06,169
"2226",2014-10-05,221
"2227",2014-10-04,270
"2228",2014-10-03,315
"2229",2014-10-02,382
"2230",2014-10-01,234
"2231",2014-11-30,154
"2232",2014-11-29,231
"2233",2014-11-28,228
"2234",2014-11-27,229
"2235",2014-11-26,250
"2236",2014-11-25,201
"2237",2014-11-24,177
"2238",2014-11-23,200
"2239",2014-11-22,310
"2240",2014-11-21,255
"2241",2014-11-20,261
"2242",2014-11-19,243
"2243",2014-11-18,164
"2244",2014-11-17,151
"2245",2014-11-16,174
"2246",2014-11-15,239
"2247",2014-11-14,234
"2248",2014-11-13,167
"2249",2014-11-12,199
"2250",2014-11-11,173
"2251",2014-11-10,215
"2252",2014-11-09,191
"2253",2014-11-08,240
"2254",2014-11-07,237
"2255",2014-11-06,242
"2256",2014-11-05,262
"2257",2014-11-04,200
"2258",2014-11-03,174
"2259",2014-11-02,208
"2260",2014-11-01,358
"2261",2014-12-31,348
"2262",2014-12-30,216
"2263",2014-12-29,175
"2264",2014-12-28,195
"2265",2014-12-27,237
"2266",2014-12-26,258
"2267",2014-12-25,174
"2268",2014-12-24,205
"2269",2014-12-23,183
"2270",2014-12-22,186
"2271",2014-12-21,164
"2272",2014-12-20,178
"2273",2014-12-19,265
"2274",2014-12-18,247
"2275",2014-12-17,247
"2276",2014-12-16,238
"2277",2014-12-15,209
"2278",2014-12-14,187
"2279",2014-12-13,214
"2280",2014-12-12,237
"2281",2014-12-11,217
"2282",2014-12-10,272
"2283",2014-12-09,185
"2284",2014-12-08,186
"2285",2014-12-07,210
"2286",2014-12-06,239
"2287",2014-12-05,228
"2288",2014-12-04,236
"2289",2014-12-03,219
"2290",2014-12-02,179
"2291",2014-12-01,163
"2292",2015-01-31,257
"2293",2015-01-30,268
"2294",2015-01-29,239
"2295",2015-01-28,249
"2296",2015-01-27,237
"2297",2015-01-26,245
"2298",2015-01-25,179
"2299",2015-01-24,247
"2300",2015-01-23,293
"2301",2015-01-22,273
"2302",2015-01-21,213
"2303",2015-01-20,224
"2304",2015-01-19,208
"2305",2015-01-18,187
"2306",2015-01-17,214
"2307",2015-01-16,264
"2308",2015-01-15,267
"2309",2015-01-14,220
"2310",2015-01-13,212
"2311",2015-01-12,241
"2312",2015-01-11,191
"2313",2015-01-10,209
"2314",2015-01-09,234
"2315",2015-01-08,229
"2316",2015-01-07,233
"2317",2015-01-06,227
"2318",2015-01-05,214
"2319",2015-01-04,160
"2320",2015-01-03,245
"2321",2015-01-02,245
"2322",2015-01-01,260
"2323",2015-02-28,237
"2324",2015-02-27,236
"2325",2015-02-26,255
"2326",2015-02-25,240
"2327",2015-02-24,227
"2328",2015-02-23,151
"2329",2015-02-22,184
"2330",2015-02-21,268
"2331",2015-02-20,292
"2332",2015-02-19,245
"2333",2015-02-18,324
"2334",2015-02-17,267
"2335",2015-02-16,227
"2336",2015-02-15,211
"2337",2015-02-14,244
"2338",2015-02-13,240
"2339",2015-02-12,316
"2340",2015-02-11,271
"2341",2015-02-10,245
"2342",2015-02-09,197
"2343",2015-02-08,141
"2344",2015-02-07,269
"2345",2015-02-06,230
"2346",2015-02-05,267
"2347",2015-02-04,242
"2348",2015-02-03,228
"2349",2015-02-02,227
"2350",2015-02-01,177
"2351",2015-03-31,154
"2352",2015-03-30,172
"2353",2015-03-29,174
"2354",2015-03-28,244
"2355",2015-03-27,246
"2356",2015-03-26,255
"2357",2015-03-25,273
"2358",2015-03-24,233
"2359",2015-03-23,196
"2360",2015-03-22,197
"2361",2015-03-21,268
"2362",2015-03-20,247
"2363",2015-03-19,274
"2364",2015-03-18,244
"2365",2015-03-17,246
"2366",2015-03-16,209
"2367",2015-03-15,224
"2368",2015-03-14,234
"2369",2015-03-13,281
"2370",2015-03-12,298
"2371",2015-03-11,239
"2372",2015-03-10,283
"2373",2015-03-09,240
"2374",2015-03-08,195
"2375",2015-03-07,259
"2376",2015-03-06,308
"2377",2015-03-05,238
"2378",2015-03-04,241
"2379",2015-03-03,253
"2380",2015-03-02,218
"2381",2015-03-01,208
"2382",2015-04-30,235
"2383",2015-04-29,234
"2384",2015-04-28,183
"2385",2015-04-27,205
"2386",2015-04-26,153
"2387",2015-04-25,208
"2388",2015-04-24,234
"2389",2015-04-23,272
"2390",2015-04-22,250
"2391",2015-04-21,186
"2392",2015-04-20,181
"2393",2015-04-19,167
"2394",2015-04-18,244
"2395",2015-04-17,241
"2396",2015-04-16,236
"2397",2015-04-15,237
"2398",2015-04-14,201
"2399",2015-04-13,173
"2400",2015-04-12,169
"2401",2015-04-11,241
"2402",2015-04-10,260
"2403",2015-04-09,235
"2404",2015-04-08,225
"2405",2015-04-07,206
"2406",2015-04-06,197
"2407",2015-04-05,183
"2408",2015-04-04,259
"2409",2015-04-03,250
"2410",2015-04-02,215
"2411",2015-04-01,194
"2412",2015-05-31,207
"2413",2015-05-30,246
"2414",2015-05-29,204
"2415",2015-05-28,237
"2416",2015-05-27,197
"2417",2015-05-26,194
"2418",2015-05-25,170
"2419",2015-05-24,172
"2420",2015-05-23,269
"2421",2015-05-22,245
"2422",2015-05-21,224
"2423",2015-05-20,178
"2424",2015-05-19,186
"2425",2015-05-18,162
"2426",2015-05-17,182
"2427",2015-05-16,243
"2428",2015-05-15,212
"2429",2015-05-14,242
"2430",2015-05-13,181
"2431",2015-05-12,189
"2432",2015-05-11,143
"2433",2015-05-10,156
"2434",2015-05-09,206
"2435",2015-05-08,273
"2436",2015-05-07,236
"2437",2015-05-06,183
"2438",2015-05-05,175
"2439",2015-05-04,194
"2440",2015-05-03,147
"2441",2015-05-02,211
"2442",2015-05-01,233
"2443",2015-06-30,197
"2444",2015-06-29,165
"2445",2015-06-28,190
"2446",2015-06-27,230
"2447",2015-06-26,295
"2448",2015-06-25,241
"2449",2015-06-24,220
"2450",2015-06-23,200
"2451",2015-06-22,174
"2452",2015-06-21,136
"2453",2015-06-20,188
"2454",2015-06-19,220
"2455",2015-06-18,242
"2456",2015-06-17,241
"2457",2015-06-16,245
"2458",2015-06-15,197
"2459",2015-06-14,233
"2460",2015-06-13,210
"2461",2015-06-12,287
"2462",2015-06-11,259
"2463",2015-06-10,216
"2464",2015-06-09,187
"2465",2015-06-08,214
"2466",2015-06-07,189
"2467",2015-06-06,244
"2468",2015-06-05,293
"2469",2015-06-04,237
"2470",2015-06-03,216
"2471",2015-06-02,166
"2472",2015-06-01,148
"2473",2015-07-31,268
"2474",2015-07-30,237
"2475",2015-07-29,256
"2476",2015-07-28,244
"2477",2015-07-27,183
"2478",2015-07-26,179
"2479",2015-07-25,212
"2480",2015-07-24,197
"2481",2015-07-23,201
"2482",2015-07-22,200
"2483",2015-07-21,175
"2484",2015-07-20,166
"2485",2015-07-19,174
"2486",2015-07-18,196
"2487",2015-07-17,248
"2488",2015-07-16,235
"2489",2015-07-15,250
"2490",2015-07-14,190
"2491",2015-07-13,207
"2492",2015-07-12,178
"2493",2015-07-11,225
"2494",2015-07-10,246
"2495",2015-07-09,275
"2496",2015-07-08,270
"2497",2015-07-07,185
"2498",2015-07-06,184
"2499",2015-07-05,221
"2500",2015-07-04,375
"2501",2015-07-03,296
"2502",2015-07-02,252
"2503",2015-07-01,290
"2504",2015-08-31,167
"2505",2015-08-30,152
"2506",2015-08-29,223
"2507",2015-08-28,235
"2508",2015-08-27,239
"2509",2015-08-26,241
"2510",2015-08-25,219
"2511",2015-08-24,187
"2512",2015-08-23,164
"2513",2015-08-22,223
"2514",2015-08-21,225
"2515",2015-08-20,240
"2516",2015-08-19,237
"2517",2015-08-18,215
"2518",2015-08-17,195
"2519",2015-08-16,152
"2520",2015-08-15,224
"2521",2015-08-14,273
"2522",2015-08-13,280
"2523",2015-08-12,249
"2524",2015-08-11,255
"2525",2015-08-10,164
"2526",2015-08-09,183
"2527",2015-08-08,206
"2528",2015-08-07,257
"2529",2015-08-06,276
"2530",2015-08-05,253
"2531",2015-08-04,189
"2532",2015-08-03,206
"2533",2015-08-02,196
"2534",2015-08-01,239
"2535",2015-09-30,220
"2536",2015-09-29,205
"2537",2015-09-28,202
"2538",2015-09-27,180
"2539",2015-09-26,296
"2540",2015-09-25,278
"2541",2015-09-24,257
"2542",2015-09-23,243
"2543",2015-09-22,189
"2544",2015-09-21,185
"2545",2015-09-20,220
"2546",2015-09-19,241
"2547",2015-09-18,238
"2548",2015-09-17,236
"2549",2015-09-16,213
"2550",2015-09-15,158
"2551",2015-09-14,213
"2552",2015-09-13,180
"2553",2015-09-12,219
"2554",2015-09-11,238
"2555",2015-09-10,254
"2556",2015-09-09,232
"2557",2015-09-08,207
"2558",2015-09-07,171
"2559",2015-09-06,161
"2560",2015-09-05,295
"2561",2015-09-04,254
"2562",2015-09-03,188
"2563",2015-09-02,210
"2564",2015-09-01,170
"2565",2015-10-31,246
"2566",2015-10-30,264
"2567",2015-10-29,237
"2568",2015-10-28,202
"2569",2015-10-27,164
"2570",2015-10-26,162
"2571",2015-10-25,185
"2572",2015-10-24,189
"2573",2015-10-23,232
"2574",2015-10-22,195
"2575",2015-10-21,149
"2576",2015-10-20,170
"2577",2015-10-19,151
"2578",2015-10-18,161
"2579",2015-10-17,206
"2580",2015-10-16,223
"2581",2015-10-15,172
"2582",2015-10-14,194
"2583",2015-10-13,160
"2584",2015-10-12,128
"2585",2015-10-11,171
"2586",2015-10-10,321
"2587",2015-10-09,249
"2588",2015-10-08,213
"2589",2015-10-07,181
"2590",2015-10-06,182
"2591",2015-10-05,188
"2592",2015-10-04,181
"2593",2015-10-03,217
"2594",2015-10-02,262
"2595",2015-10-01,232
"2596",2015-11-30,156
"2597",2015-11-29,149
"2598",2015-11-28,183
"2599",2015-11-27,266
"2600",2015-11-26,153
"2601",2015-11-25,165
"2602",2015-11-24,147
"2603",2015-11-23,174
"2604",2015-11-22,125
"2605",2015-11-21,337
"2606",2015-11-20,226
"2607",2015-11-19,217
"2608",2015-11-18,162
"2609",2015-11-17,159
"2610",2015-11-16,124
"2611",2015-11-15,129
"2612",2015-11-14,188
"2613",2015-11-13,217
"2614",2015-11-12,220
"2615",2015-11-11,212
"2616",2015-11-10,164
"2617",2015-11-09,145
"2618",2015-11-08,130
"2619",2015-11-07,244
"2620",2015-11-06,231
"2621",2015-11-05,181
"2622",2015-11-04,167
"2623",2015-11-03,176
"2624",2015-11-02,136
"2625",2015-11-01,196
"2626",2015-12-31,259
"2627",2015-12-30,245
"2628",2015-12-29,180
"2629",2015-12-28,144
"2630",2015-12-27,101
"2631",2015-12-26,167
"2632",2015-12-25,131
"2633",2015-12-24,122
"2634",2015-12-23,183
"2635",2015-12-22,160
"2636",2015-12-21,182
"2637",2015-12-20,137
"2638",2015-12-19,188
"2639",2015-12-18,211
"2640",2015-12-17,210
"2641",2015-12-16,227
"2642",2015-12-15,178
"2643",2015-12-14,143
"2644",2015-12-13,131
"2645",2015-12-12,188
"2646",2015-12-11,234
"2647",2015-12-10,220
"2648",2015-12-09,247
"2649",2015-12-08,172
"2650",2015-12-07,174
"2651",2015-12-06,104
"2652",2015-12-05,180
"2653",2015-12-04,202
"2654",2015-12-03,236
"2655",2015-12-02,227
"2656",2015-12-01,212
"2657",2016-01-31,169
"2658",2016-01-30,210
"2659",2016-01-29,245
"2660",2016-01-28,290
"2661",2016-01-27,244
"2662",2016-01-26,245
"2663",2016-01-25,189
"2664",2016-01-24,169
"2665",2016-01-23,228
"2666",2016-01-22,236
"2667",2016-01-21,239
"2668",2016-01-20,175
"2669",2016-01-19,160
"2670",2016-01-18,175
"2671",2016-01-17,160
"2672",2016-01-16,200
"2673",2016-01-15,238
"2674",2016-01-14,233
"2675",2016-01-13,203
"2676",2016-01-12,182
"2677",2016-01-11,160
"2678",2016-01-10,144
"2679",2016-01-09,186
"2680",2016-01-08,210
"2681",2016-01-07,220
"2682",2016-01-06,183
"2683",2016-01-05,170
"2684",2016-01-04,117
"2685",2016-01-03,157
"2686",2016-01-02,179
"2687",2016-01-01,249
"2688",2016-02-29,198
"2689",2016-02-28,179
"2690",2016-02-27,220
"2691",2016-02-26,276
"2692",2016-02-25,290
"2693",2016-02-24,265
"2694",2016-02-23,236
"2695",2016-02-22,230
"2696",2016-02-21,180
"2697",2016-02-20,272
"2698",2016-02-19,237
"2699",2016-02-18,243
"2700",2016-02-17,187
"2701",2016-02-16,221
"2702",2016-02-15,259
"2703",2016-02-14,170
"2704",2016-02-13,245
"2705",2016-02-12,237
"2706",2016-02-11,227
"2707",2016-02-10,188
"2708",2016-02-09,237
"2709",2016-02-08,220
"2710",2016-02-07,179
"2711",2016-02-06,239
"2712",2016-02-05,241
"2713",2016-02-04,246
"2714",2016-02-03,217
"2715",2016-02-02,218
"2716",2016-02-01,181
"2717",2016-03-31,236
"2718",2016-03-30,209
"2719",2016-03-29,217
"2720",2016-03-28,184
"2721",2016-03-27,167
"2722",2016-03-26,235
"2723",2016-03-25,238
"2724",2016-03-24,228
"2725",2016-03-23,213
"2726",2016-03-22,148
"2727",2016-03-21,179
"2728",2016-03-20,160
"2729",2016-03-19,199
"2730",2016-03-18,214
"2731",2016-03-17,222
"2732",2016-03-16,168
"2733",2016-03-15,152
"2734",2016-03-14,169
"2735",2016-03-13,125
"2736",2016-03-12,218
"2737",2016-03-11,234
"2738",2016-03-10,244
"2739",2016-03-09,190
"2740",2016-03-08,181
"2741",2016-03-07,184
"2742",2016-03-06,136
"2743",2016-03-05,174
"2744",2016-03-04,186
"2745",2016-03-03,194
"2746",2016-03-02,214
"2747",2016-03-01,204
"2748",2016-04-30,196
"2749",2016-04-29,208
"2750",2016-04-28,193
"2751",2016-04-27,192
"2752",2016-04-26,163
"2753",2016-04-25,167
"2754",2016-04-24,143
"2755",2016-04-23,178
"2756",2016-04-22,249
"2757",2016-04-21,238
"2758",2016-04-20,169
"2759",2016-04-19,207
"2760",2016-04-18,202
"2761",2016-04-17,151
"2762",2016-04-16,215
"2763",2016-04-15,239
"2764",2016-04-14,178
"2765",2016-04-13,203
"2766",2016-04-12,192
"2767",2016-04-11,202
"2768",2016-04-10,169
"2769",2016-04-09,202
"2770",2016-04-08,234
"2771",2016-04-07,192
"2772",2016-04-06,182
"2773",2016-04-05,213
"2774",2016-04-04,162
"2775",2016-04-03,172
"2776",2016-04-02,245
"2777",2016-04-01,250
"2778",2016-05-31,209
"2779",2016-05-30,174
"2780",2016-05-29,141
"2781",2016-05-28,224
"2782",2016-05-27,207
"2783",2016-05-26,227
"2784",2016-05-25,192
"2785",2016-05-24,208
"2786",2016-05-23,190
"2787",2016-05-22,141
"2788",2016-05-21,209
"2789",2016-05-20,203
"2790",2016-05-19,187
"2791",2016-05-18,162
"2792",2016-05-17,175
"2793",2016-05-16,187
"2794",2016-05-15,139
"2795",2016-05-14,159
"2796",2016-05-13,183
"2797",2016-05-12,239
"2798",2016-05-11,190
"2799",2016-05-10,198
"2800",2016-05-09,203
"2801",2016-05-08,179
"2802",2016-05-07,245
"2803",2016-05-06,193
"2804",2016-05-05,241
"2805",2016-05-04,203
"2806",2016-05-03,180
"2807",2016-05-02,173
"2808",2016-05-01,166
"2809",2016-06-30,222
"2810",2016-06-29,217
"2811",2016-06-28,174
"2812",2016-06-27,218
"2813",2016-06-26,156
"2814",2016-06-25,241
"2815",2016-06-24,189
"2816",2016-06-23,225
"2817",2016-06-22,235
"2818",2016-06-21,194
"2819",2016-06-20,181
"2820",2016-06-19,177
"2821",2016-06-18,175
"2822",2016-06-17,237
"2823",2016-06-16,241
"2824",2016-06-15,187
"2825",2016-06-14,205
"2826",2016-06-13,215
"2827",2016-06-12,193
"2828",2016-06-11,163
"2829",2016-06-10,213
"2830",2016-06-09,214
"2831",2016-06-08,179
"2832",2016-06-07,217
"2833",2016-06-06,189
"2834",2016-06-05,150
"2835",2016-06-04,188
"2836",2016-06-03,235
"2837",2016-06-02,244
"2838",2016-06-01,214
"2839",2016-07-31,169
"2840",2016-07-30,206
"2841",2016-07-29,235
"2842",2016-07-28,216
"2843",2016-07-27,233
"2844",2016-07-26,218
"2845",2016-07-25,212
"2846",2016-07-24,178
"2847",2016-07-23,206
"2848",2016-07-22,221
"2849",2016-07-21,225
"2850",2016-07-20,206
"2851",2016-07-19,215
"2852",2016-07-18,215
"2853",2016-07-17,191
"2854",2016-07-16,173
"2855",2016-07-15,195
"2856",2016-07-14,247
"2857",2016-07-13,245
"2858",2016-07-12,192
"2859",2016-07-11,165
"2860",2016-07-10,149
"2861",2016-07-09,223
"2862",2016-07-08,238
"2863",2016-07-07,246
"2864",2016-07-06,307
"2865",2016-07-05,237
"2866",2016-07-04,239
"2867",2016-07-03,192
"2868",2016-07-02,246
"2869",2016-07-01,239
"2870",2016-08-31,230
"2871",2016-08-30,212
"2872",2016-08-29,167
"2873",2016-08-28,177
"2874",2016-08-27,226
"2875",2016-08-26,284
"2876",2016-08-25,237
"2877",2016-08-24,257
"2878",2016-08-23,221
"2879",2016-08-22,220
"2880",2016-08-21,165
"2881",2016-08-20,187
"2882",2016-08-19,212
"2883",2016-08-18,237
"2884",2016-08-17,230
"2885",2016-08-16,205
"2886",2016-08-15,205
"2887",2016-08-14,202
"2888",2016-08-13,203
"2889",2016-08-12,220
"2890",2016-08-11,235
"2891",2016-08-10,297
"2892",2016-08-09,195
"2893",2016-08-08,190
"2894",2016-08-07,175
"2895",2016-08-06,202
"2896",2016-08-05,207
"2897",2016-08-04,264
"2898",2016-08-03,296
"2899",2016-08-02,198
"2900",2016-08-01,179
"2901",2016-09-30,245
"2902",2016-09-29,243
"2903",2016-09-28,205
"2904",2016-09-27,232
"2905",2016-09-26,191
"2906",2016-09-25,148
"2907",2016-09-24,241
"2908",2016-09-23,177
"2909",2016-09-22,239
"2910",2016-09-21,181
"2911",2016-09-20,232
"2912",2016-09-19,229
"2913",2016-09-18,138
"2914",2016-09-17,200
"2915",2016-09-16,228
"2916",2016-09-15,224
"2917",2016-09-14,191
"2918",2016-09-13,198
"2919",2016-09-12,180
"2920",2016-09-11,192
"2921",2016-09-10,230
"2922",2016-09-09,220
"2923",2016-09-08,208
"2924",2016-09-07,227
"2925",2016-09-06,228
"2926",2016-09-05,201
"2927",2016-09-04,167
"2928",2016-09-03,275
"2929",2016-09-02,217
"2930",2016-09-01,248
"2931",2016-10-31,208
"2932",2016-10-30,186
"2933",2016-10-29,223
"2934",2016-10-28,216
"2935",2016-10-27,192
"2936",2016-10-26,174
"2937",2016-10-25,216
"2938",2016-10-24,159
"2939",2016-10-23,170
"2940",2016-10-22,117
"2941",2016-10-21,211
"2942",2016-10-20,207
"2943",2016-10-19,213
"2944",2016-10-18,176
"2945",2016-10-17,216
"2946",2016-10-16,145
"2947",2016-10-15,175
"2948",2016-10-14,164
"2949",2016-10-13,224
"2950",2016-10-12,215
"2951",2016-10-11,206
"2952",2016-10-10,193
"2953",2016-10-09,161
"2954",2016-10-08,263
"2955",2016-10-07,232
"2956",2016-10-06,213
"2957",2016-10-05,218
"2958",2016-10-04,188
"2959",2016-10-03,161
"2960",2016-10-02,135
"2961",2016-10-01,211
"2962",2016-11-30,193
"2963",2016-11-29,170
"2964",2016-11-28,176
"2965",2016-11-27,152
"2966",2016-11-26,169
"2967",2016-11-25,188
"2968",2016-11-24,154
"2969",2016-11-23,179
"2970",2016-11-22,156
"2971",2016-11-21,165
"2972",2016-11-20,157
"2973",2016-11-19,178
"2974",2016-11-18,224
"2975",2016-11-17,207
"2976",2016-11-16,185
"2977",2016-11-15,191
"2978",2016-11-14,184
"2979",2016-11-13,164
"2980",2016-11-12,200
"2981",2016-11-11,180
"2982",2016-11-10,176
"2983",2016-11-09,220
"2984",2016-11-08,209
"2985",2016-11-07,194
"2986",2016-11-06,178
"2987",2016-11-05,148
"2988",2016-11-04,203
"2989",2016-11-03,241
"2990",2016-11-02,204
"2991",2016-11-01,209
"2992",2016-12-31,198
"2993",2016-12-30,187
"2994",2016-12-29,206
"2995",2016-12-28,191
"2996",2016-12-27,187
"2997",2016-12-26,152
"2998",2016-12-25,130
"2999",2016-12-24,145
"3000",2016-12-23,152
"3001",2016-12-22,164
"3002",2016-12-21,200
"3003",2016-12-20,165
"3004",2016-12-19,154
"3005",2016-12-18,132
"3006",2016-12-17,173
"3007",2016-12-16,181
"3008",2016-12-15,152
"3009",2016-12-14,240
"3010",2016-12-13,153
"3011",2016-12-12,185
"3012",2016-12-11,156
"3013",2016-12-10,197
"3014",2016-12-09,200
"3015",2016-12-08,154
"3016",2016-12-07,188
"3017",2016-12-06,171
"3018",2016-12-05,124
"3019",2016-12-04,147
"3020",2016-12-03,156
"3021",2016-12-02,205
"3022",2016-12-01,284
"3023",2017-01-31,206
"3024",2017-01-30,212
"3025",2017-01-29,188
"3026",2017-01-28,167
"3027",2017-01-27,235
"3028",2017-01-26,239
"3029",2017-01-25,230
"3030",2017-01-24,230
"3031",2017-01-23,204
"3032",2017-01-22,178
"3033",2017-01-21,186
"3034",2017-01-20,218
"3035",2017-01-19,224
"3036",2017-01-18,138
"3037",2017-01-17,185
"3038",2017-01-16,194
"3039",2017-01-15,185
"3040",2017-01-14,230
"3041",2017-01-13,192
"3042",2017-01-12,192
"3043",2017-01-11,200
"3044",2017-01-10,182
"3045",2017-01-09,142
"3046",2017-01-08,132
"3047",2017-01-07,161
"3048",2017-01-06,160
"3049",2017-01-05,170
"3050",2017-01-04,170
"3051",2017-01-03,159
"3052",2017-01-02,135
"3053",2017-01-01,201
"3054",2017-02-28,163
"3055",2017-02-27,172
"3056",2017-02-26,158
"3057",2017-02-25,182
"3058",2017-02-24,189
"3059",2017-02-23,209
"3060",2017-02-22,182
"3061",2017-02-21,141
"3062",2017-02-20,166
"3063",2017-02-19,161
"3064",2017-02-18,179
"3065",2017-02-17,191
"3066",2017-02-16,202
"3067",2017-02-15,166
"3068",2017-02-14,170
"3069",2017-02-13,205
"3070",2017-02-12,169
"3071",2017-02-11,163
"3072",2017-02-10,205
"3073",2017-02-09,183
"3074",2017-02-08,204
"3075",2017-02-07,138
"3076",2017-02-06,136
"3077",2017-02-05,176
"3078",2017-02-04,216
"3079",2017-02-03,184
"3080",2017-02-02,237
"3081",2017-02-01,193
"3082",2017-03-31,160
"3083",2017-03-30,165
"3084",2017-03-29,158
"3085",2017-03-28,148
"3086",2017-03-27,135
"3087",2017-03-26,157
"3088",2017-03-25,170
"3089",2017-03-24,198
"3090",2017-03-23,200
"3091",2017-03-22,209
"3092",2017-03-21,177
"3093",2017-03-20,146
"3094",2017-03-19,156
"3095",2017-03-18,187
"3096",2017-03-17,221
"3097",2017-03-16,225
"3098",2017-03-15,149
"3099",2017-03-14,195
"3100",2017-03-13,152
"3101",2017-03-12,170
"3102",2017-03-11,225
"3103",2017-03-10,221
"3104",2017-03-09,194
"3105",2017-03-08,185
"3106",2017-03-07,152
"3107",2017-03-06,143
"3108",2017-03-05,132
"3109",2017-03-04,186
"3110",2017-03-03,200
"3111",2017-03-02,174
"3112",2017-03-01,158
"3113",2017-04-30,147
"3114",2017-04-29,199
"3115",2017-04-28,185
"3116",2017-04-27,181
"3117",2017-04-26,183
"3118",2017-04-25,151
"3119",2017-04-24,162
"3120",2017-04-23,154
"3121",2017-04-22,181
"3122",2017-04-21,216
"3123",2017-04-20,192
"3124",2017-04-19,149
"3125",2017-04-18,192
"3126",2017-04-17,170
"3127",2017-04-16,173
"3128",2017-04-15,183
"3129",2017-04-14,165
"3130",2017-04-13,151
"3131",2017-04-12,170
"3132",2017-04-11,151
"3133",2017-04-10,147
"3134",2017-04-09,188
"3135",2017-04-08,193
"3136",2017-04-07,206
"3137",2017-04-06,178
"3138",2017-04-05,202
"3139",2017-04-04,181
"3140",2017-04-03,135
"3141",2017-04-02,134
"3142",2017-04-01,173
"3143",2017-05-31,204
"3144",2017-05-30,166
"3145",2017-05-29,151
"3146",2017-05-28,129
"3147",2017-05-27,200
"3148",2017-05-26,210
"3149",2017-05-25,223
"3150",2017-05-24,187
"3151",2017-05-23,203
"3152",2017-05-22,183
"3153",2017-05-21,145
"3154",2017-05-20,198
"3155",2017-05-19,198
"3156",2017-05-18,153
"3157",2017-05-17,131
"3158",2017-05-16,149
"3159",2017-05-15,154
"3160",2017-05-14,130
"3161",2017-05-13,182
"3162",2017-05-12,215
"3163",2017-05-11,176
"3164",2017-05-10,159
"3165",2017-05-09,168
"3166",2017-05-08,164
"3167",2017-05-07,148
"3168",2017-05-06,182
"3169",2017-05-05,164
"3170",2017-05-04,157
"3171",2017-05-03,131
"3172",2017-05-02,136
"3173",2017-05-01,155
"3174",2017-06-30,180
"3175",2017-06-29,224
"3176",2017-06-28,226
"3177",2017-06-27,200
"3178",2017-06-26,193
"3179",2017-06-25,129
"3180",2017-06-24,171
"3181",2017-06-23,211
"3182",2017-06-22,209
"3183",2017-06-21,200
"3184",2017-06-20,211
"3185",2017-06-19,164
"3186",2017-06-18,138
"3187",2017-06-17,201
"3188",2017-06-16,197
"3189",2017-06-15,184
"3190",2017-06-14,179
"3191",2017-06-13,192
"3192",2017-06-12,174
"3193",2017-06-11,143
"3194",2017-06-10,160
"3195",2017-06-09,164
"3196",2017-06-08,175
"3197",2017-06-07,150
"3198",2017-06-06,201
"3199",2017-06-05,181
"3200",2017-06-04,144
"3201",2017-06-03,159
"3202",2017-06-02,191
"3203",2017-06-01,206
"3204",2017-07-31,150
"3205",2017-07-30,152
"3206",2017-07-29,154
"3207",2017-07-28,197
"3208",2017-07-27,173
"3209",2017-07-26,209
"3210",2017-07-25,161
"3211",2017-07-24,178
"3212",2017-07-23,144
"3213",2017-07-22,168
"3214",2017-07-21,182
"3215",2017-07-20,207
"3216",2017-07-19,167
"3217",2017-07-18,175
"3218",2017-07-17,155
"3219",2017-07-16,157
"3220",2017-07-15,142
"3221",2017-07-14,184
"3222",2017-07-13,189
"3223",2017-07-12,230
"3224",2017-07-11,196
"3225",2017-07-10,181
"3226",2017-07-09,144
"3227",2017-07-08,198
"3228",2017-07-07,199
"3229",2017-07-06,173
"3230",2017-07-05,219
"3231",2017-07-04,167
"3232",2017-07-03,190
"3233",2017-07-02,178
"3234",2017-07-01,204
"3235",2017-08-31,188
"3236",2017-08-30,181
"3237",2017-08-29,168
"3238",2017-08-28,151
"3239",2017-08-27,184
"3240",2017-08-26,185
"3241",2017-08-25,198
"3242",2017-08-24,149
"3243",2017-08-23,183
"3244",2017-08-22,172
"3245",2017-08-21,158
"3246",2017-08-20,141
"3247",2017-08-19,152
"3248",2017-08-18,197
"3249",2017-08-17,217
"3250",2017-08-16,183
"3251",2017-08-15,184
"3252",2017-08-14,113
"3253",2017-08-13,143
"3254",2017-08-12,149
"3255",2017-08-11,137
"3256",2017-08-10,208
"3257",2017-08-09,228
"3258",2017-08-08,215
"3259",2017-08-07,157
"3260",2017-08-06,131
"3261",2017-08-05,171
"3262",2017-08-04,167
"3263",2017-08-03,196
"3264",2017-08-02,234
"3265",2017-08-01,208
"3266",2017-09-30,183
"3267",2017-09-29,151
"3268",2017-09-28,213
"3269",2017-09-27,213
"3270",2017-09-26,190
"3271",2017-09-25,195
"3272",2017-09-24,160
"3273",2017-09-23,191
"3274",2017-09-22,203
"3275",2017-09-21,174
"3276",2017-09-20,166
"3277",2017-09-19,166
"3278",2017-09-18,136
"3279",2017-09-17,151
"3280",2017-09-16,170
"3281",2017-09-15,162
"3282",2017-09-14,209
"3283",2017-09-13,182
"3284",2017-09-12,194
"3285",2017-09-11,177
"3286",2017-09-10,163
"3287",2017-09-09,200
"3288",2017-09-08,233
"3289",2017-09-07,168
"3290",2017-09-06,201
"3291",2017-09-05,170
"3292",2017-09-04,158
"3293",2017-09-03,161
"3294",2017-09-02,239
"3295",2017-09-01,245
"3296",2017-10-31,167
"3297",2017-10-30,154
"3298",2017-10-29,171
"3299",2017-10-28,201
"3300",2017-10-27,182
"3301",2017-10-26,141
"3302",2017-10-25,175
"3303",2017-10-24,128
"3304",2017-10-23,155
"3305",2017-10-22,120
"3306",2017-10-21,122
"3307",2017-10-20,151
"3308",2017-10-19,180
"3309",2017-10-18,155
"3310",2017-10-17,172
"3311",2017-10-16,155
"3312",2017-10-15,102
"3313",2017-10-14,154
"3314",2017-10-13,153
"3315",2017-10-12,135
"3316",2017-10-11,144
"3317",2017-10-10,166
"3318",2017-10-09,138
"3319",2017-10-08,121
"3320",2017-10-07,223
"3321",2017-10-06,145
"3322",2017-10-05,157
"3323",2017-10-04,139
"3324",2017-10-03,162
"3325",2017-10-02,117
"3326",2017-10-01,157
"3327",2017-11-30,130
"3328",2017-11-29,166
"3329",2017-11-28,163
"3330",2017-11-27,134
"3331",2017-11-26,146
"3332",2017-11-25,196
"3333",2017-11-24,167
"3334",2017-11-23,143
"3335",2017-11-22,176
"3336",2017-11-21,167
"3337",2017-11-20,123
"3338",2017-11-19,123
"3339",2017-11-18,227
"3340",2017-11-17,179
"3341",2017-11-16,166
"3342",2017-11-15,142
"3343",2017-11-14,156
"3344",2017-11-13,144
"3345",2017-11-12,149
"3346",2017-11-11,141
"3347",2017-11-10,156
"3348",2017-11-09,174
"3349",2017-11-08,158
"3350",2017-11-07,145
"3351",2017-11-06,142
"3352",2017-11-05,126
"3353",2017-11-04,156
"3354",2017-11-03,169
"3355",2017-11-02,142
"3356",2017-11-01,153
"3357",2017-12-31,137
"3358",2017-12-30,150
"3359",2017-12-29,177
"3360",2017-12-28,152
"3361",2017-12-27,149
"3362",2017-12-26,117
"3363",2017-12-25,93
"3364",2017-12-24,102
"3365",2017-12-23,105
"3366",2017-12-22,158
"3367",2017-12-21,139
"3368",2017-12-20,155
"3369",2017-12-19,134
"3370",2017-12-18,117
"3371",2017-12-17,95
"3372",2017-12-16,151
"3373",2017-12-15,164
"3374",2017-12-14,162
"3375",2017-12-13,150
"3376",2017-12-12,135
"3377",2017-12-11,103
"3378",2017-12-10,112
"3379",2017-12-09,137
"3380",2017-12-08,162
"3381",2017-12-07,142
"3382",2017-12-06,156
"3383",2017-12-05,109
"3384",2017-12-04,107
"3385",2017-12-03,120
"3386",2017-12-02,134
"3387",2017-12-01,142
"3388",2018-01-31,166
"3389",2018-01-30,131
"3390",2018-01-29,131
"3391",2018-01-28,133
"3392",2018-01-27,161
"3393",2018-01-26,166
"3394",2018-01-25,160
"3395",2018-01-24,176
"3396",2018-01-23,142
"3397",2018-01-22,145
"3398",2018-01-21,111
"3399",2018-01-20,158
"3400",2018-01-19,185
"3401",2018-01-18,207
"3402",2018-01-17,181
"3403",2018-01-16,166
"3404",2018-01-15,128
"3405",2018-01-14,134
"3406",2018-01-13,162
"3407",2018-01-12,185
"3408",2018-01-11,166
"3409",2018-01-10,131
"3410",2018-01-09,161
"3411",2018-01-08,131
"3412",2018-01-07,115
"3413",2018-01-06,135
"3414",2018-01-05,193
"3415",2018-01-04,150
"3416",2018-01-03,149
"3417",2018-01-02,147
"3418",2018-01-01,171
"3419",2018-02-28,170
"3420",2018-02-27,140
"3421",2018-02-26,115
"3422",2018-02-25,85
"3423",2018-02-24,120
"3424",2018-02-23,146
"3425",2018-02-22,138
"3426",2018-02-21,120
"3427",2018-02-20,155
"3428",2018-02-19,125
"3429",2018-02-18,120
"3430",2018-02-17,151
"3431",2018-02-16,177
"3432",2018-02-15,160
"3433",2018-02-14,145
"3434",2018-02-13,142
"3435",2018-02-12,124
"3436",2018-02-11,111
"3437",2018-02-10,152
"3438",2018-02-09,137
"3439",2018-02-08,147
"3440",2018-02-07,149
"3441",2018-02-06,124
"3442",2018-02-05,134
"3443",2018-02-04,161
"3444",2018-02-03,137
"3445",2018-02-02,166
"3446",2018-02-01,152
"3447",2018-03-31,191
"3448",2018-03-30,183
"3449",2018-03-29,181
"3450",2018-03-28,158
"3451",2018-03-27,124
"3452",2018-03-26,114
"3453",2018-03-25,103
"3454",2018-03-24,134
"3455",2018-03-23,135
"3456",2018-03-22,169
"3457",2018-03-21,160
"3458",2018-03-20,163
"3459",2018-03-19,166
"3460",2018-03-18,142
"3461",2018-03-17,186
"3462",2018-03-16,174
"3463",2018-03-15,167
"3464",2018-03-14,190
"3465",2018-03-13,131
"3466",2018-03-12,152
"3467",2018-03-11,108
"3468",2018-03-10,172
"3469",2018-03-09,180
"3470",2018-03-08,159
"3471",2018-03-07,168
"3472",2018-03-06,126
"3473",2018-03-05,127
"3474",2018-03-04,125
"3475",2018-03-03,141
"3476",2018-03-02,165
"3477",2018-03-01,187
"3478",2018-04-30,129
"3479",2018-04-29,135
"3480",2018-04-28,155
"3481",2018-04-27,162
"3482",2018-04-26,186
"3483",2018-04-25,164
"3484",2018-04-24,141
"3485",2018-04-23,161
"3486",2018-04-22,126
"3487",2018-04-21,162
"3488",2018-04-20,239
"3489",2018-04-19,201
"3490",2018-04-18,156
"3491",2018-04-17,157
"3492",2018-04-16,151
"3493",2018-04-15,134
"3494",2018-04-14,183
"3495",2018-04-13,155
"3496",2018-04-12,163
"3497",2018-04-11,150
"3498",2018-04-10,143
"3499",2018-04-09,118
"3500",2018-04-08,129
"3501",2018-04-07,146
"3502",2018-04-06,183
"3503",2018-04-05,152
"3504",2018-04-04,154
"3505",2018-04-03,143
"3506",2018-04-02,146
"3507",2018-04-01,110
"3508",2018-05-31,197
"3509",2018-05-30,170
"3510",2018-05-29,171
"3511",2018-05-28,141
"3512",2018-05-27,133
"3513",2018-05-26,164
"3514",2018-05-25,176
"3515",2018-05-24,197
"3516",2018-05-23,178
"3517",2018-05-22,158
"3518",2018-05-21,151
"3519",2018-05-20,129
"3520",2018-05-19,169
"3521",2018-05-18,167
"3522",2018-05-17,159
"3523",2018-05-16,154
"3524",2018-05-15,156
"3525",2018-05-14,160
"3526",2018-05-13,130
"3527",2018-05-12,145
"3528",2018-05-11,183
"3529",2018-05-10,191
"3530",2018-05-09,154
"3531",2018-05-08,129
"3532",2018-05-07,164
"3533",2018-05-06,143
"3534",2018-05-05,180
"3535",2018-05-04,164
"3536",2018-05-03,157
"3537",2018-05-02,143
"3538",2018-05-01,138
"3539",2018-06-30,162
"3540",2018-06-29,178
"3541",2018-06-28,209
"3542",2018-06-27,171
"3543",2018-06-26,187
"3544",2018-06-25,149
"3545",2018-06-24,131
"3546",2018-06-23,184
"3547",2018-06-22,176
"3548",2018-06-21,193
"3549",2018-06-20,181
"3550",2018-06-19,175
"3551",2018-06-18,179
"3552",2018-06-17,142
"3553",2018-06-16,184
"3554",2018-06-15,181
"3555",2018-06-14,202
"3556",2018-06-13,179
"3557",2018-06-12,165
"3558",2018-06-11,161
"3559",2018-06-10,113
"3560",2018-06-09,162
"3561",2018-06-08,172
"3562",2018-06-07,197
"3563",2018-06-06,159
"3564",2018-06-05,158
"3565",2018-06-04,158
"3566",2018-06-03,136
"3567",2018-06-02,173
"3568",2018-06-01,167
"3569",2018-07-31,151
"3570",2018-07-30,162
"3571",2018-07-29,150
"3572",2018-07-28,156
"3573",2018-07-27,164
"3574",2018-07-26,146
"3575",2018-07-25,158
"3576",2018-07-24,158
"3577",2018-07-23,155
"3578",2018-07-22,128
"3579",2018-07-21,170
"3580",2018-07-20,174
"3581",2018-07-19,181
"3582",2018-07-18,171
"3583",2018-07-17,139
"3584",2018-07-16,156
"3585",2018-07-15,115
"3586",2018-07-14,159
"3587",2018-07-13,161
"3588",2018-07-12,168
"3589",2018-07-11,189
"3590",2018-07-10,144
"3591",2018-07-09,143
"3592",2018-07-08,116
"3593",2018-07-07,199
"3594",2018-07-06,184
"3595",2018-07-05,192
"3596",2018-07-04,247
"3597",2018-07-03,180
"3598",2018-07-02,110
"3599",2018-07-01,139
"3600",2018-08-31,152
"3601",2018-08-30,161
"3602",2018-08-29,166
"3603",2018-08-28,162
"3604",2018-08-27,129
"3605",2018-08-26,108
"3606",2018-08-25,152
"3607",2018-08-24,154
"3608",2018-08-23,157
"3609",2018-08-22,139
"3610",2018-08-21,117
"3611",2018-08-20,107
"3612",2018-08-19,98
"3613",2018-08-18,177
"3614",2018-08-17,161
"3615",2018-08-16,167
"3616",2018-08-15,187
"3617",2018-08-14,153
"3618",2018-08-13,154
"3619",2018-08-12,120
"3620",2018-08-11,166
"3621",2018-08-10,166
"3622",2018-08-09,145
"3623",2018-08-08,177
"3624",2018-08-07,140
"3625",2018-08-06,147
"3626",2018-08-05,103
"3627",2018-08-04,188
"3628",2018-08-03,191
"3629",2018-08-02,171
"3630",2018-08-01,211
"3631",2018-09-30,113
"3632",2018-09-29,128
"3633",2018-09-28,145
"3634",2018-09-27,176
"3635",2018-09-26,150
"3636",2018-09-25,111
"3637",2018-09-24,121
"3638",2018-09-23,120
"3639",2018-09-22,181
"3640",2018-09-21,181
"3641",2018-09-20,195
"3642",2018-09-19,140
"3643",2018-09-18,147
"3644",2018-09-17,148
"3645",2018-09-16,139
"3646",2018-09-15,162
"3647",2018-09-14,180
"3648",2018-09-13,140
"3649",2018-09-12,154
"3650",2018-09-11,141
"3651",2018-09-10,137
"3652",2018-09-09,129
"3653",2018-09-08,170
"3654",2018-09-07,158
"3655",2018-09-06,143
"3656",2018-09-05,162
"3657",2018-09-04,124
"3658",2018-09-03,122
"3659",2018-09-02,108
"3660",2018-09-01,163
"3661",2018-10-31,163
"3662",2018-10-30,128
"3663",2018-10-29,124
"3664",2018-10-28,127
"3665",2018-10-27,162
"3666",2018-10-26,167
"3667",2018-10-25,136
"3668",2018-10-24,174
"3669",2018-10-23,133
"3670",2018-10-22,113
"3671",2018-10-21,116
"3672",2018-10-20,145
"3673",2018-10-19,148
"3674",2018-10-18,161
"3675",2018-10-17,105
"3676",2018-10-16,138
"3677",2018-10-15,135
"3678",2018-10-14,110
"3679",2018-10-13,163
"3680",2018-10-12,162
"3681",2018-10-11,148
"3682",2018-10-10,103
"3683",2018-10-09,146
"3684",2018-10-08,132
"3685",2018-10-07,118
"3686",2018-10-06,111
"3687",2018-10-05,133
"3688",2018-10-04,151
"3689",2018-10-03,120
"3690",2018-10-02,125
"3691",2018-10-01,142
"3692",2018-11-30,134
"3693",2018-11-29,145
"3694",2018-11-28,141
"3695",2018-11-27,147
"3696",2018-11-26,130
"3697",2018-11-25,105
"3698",2018-11-24,127
"3699",2018-11-23,132
"3700",2018-11-22,104
"3701",2018-11-21,110
"3702",2018-11-20,124
"3703",2018-11-19,114
"3704",2018-11-18,110
"3705",2018-11-17,158
"3706",2018-11-16,148
"3707",2018-11-15,132
"3708",2018-11-14,122
"3709",2018-11-13,133
"3710",2018-11-12,129
"3711",2018-11-11,119
"3712",2018-11-10,137
"3713",2018-11-09,157
"3714",2018-11-08,149
"3715",2018-11-07,130
"3716",2018-11-06,148
"3717",2018-11-05,127
"3718",2018-11-04,121
"3719",2018-11-03,117
"3720",2018-11-02,156
"3721",2018-11-01,143
"3722",2018-12-19,41
"3723",2018-12-18,83
"3724",2018-12-17,126
"3725",2018-12-16,119
"3726",2018-12-15,98
"3727",2018-12-14,107
"3728",2018-12-13,158
"3729",2018-12-12,122
"3730",2018-12-11,97
"3731",2018-12-10,141
"3732",2018-12-09,96
"3733",2018-12-08,119
"3734",2018-12-07,145
"3735",2018-12-06,129
"3736",2018-12-05,133
"3737",2018-12-04,123
"3738",2018-12-03,114
"3739",2018-12-02,119
"3740",2018-12-01,155
